frame.time_epoch;ip.src;ip.dst;tcp.srcport;tcp.dstport;udp.srcport;udp.dstport;http.host;tls.handshake.extensions_server_name;frame.protocols;frame.len;http.request.method;http.response.code;dns.qry.name;tcp.flags
1676305992.536034000;10.2.13.101;10.2.13.1;;;61841;53;;;eth:ethertype:ip:udp:dns;79;;;microsofteamsus.top;
1676305992.887197000;10.2.13.1;10.2.13.101;;;53;61841;;;eth:ethertype:ip:udp:dns;249;;;microsofteamsus.top;
1676305993.093834000;10.2.13.101;85.193.93.125;49812;80;;;microsofteamsus.top;;eth:ethertype:ip:tcp:http;820;GET;;;0x0018
1676305996.826120000;10.2.13.101;85.193.93.125;49814;80;;;microsofteamsus.top;;eth:ethertype:ip:tcp:http;813;GET;;;0x0018
1676305996.831600000;10.2.13.101;85.193.93.125;49815;80;;;microsofteamsus.top;;eth:ethertype:ip:tcp:http;820;GET;;;0x0018
1676305996.832787000;10.2.13.101;85.193.93.125;49816;80;;;microsofteamsus.top;;eth:ethertype:ip:tcp:http;767;GET;;;0x0018
1676305997.335551000;10.2.13.101;85.193.93.125;49821;80;;;microsofteamsus.top;;eth:ethertype:ip:tcp:http;812;GET;;;0x0018
1676305997.893703000;10.2.13.101;85.193.93.125;49822;80;;;microsofteamsus.top;;eth:ethertype:ip:tcp:http;812;GET;;;0x0018
1676306006.400111000;10.2.13.101;85.193.93.125;49825;80;;;microsofteamsus.top;;eth:ethertype:ip:tcp:http;770;GET;;;0x0018
1676306006.400252000;10.2.13.101;85.193.93.125;49824;80;;;microsofteamsus.top;;eth:ethertype:ip:tcp:http;774;GET;;;0x0018
1676306023.243382000;10.2.13.101;10.2.13.1;;;65273;53;;;eth:ethertype:ip:udp:dns;90;;;firebasestorage.googleapis.com;
1676306023.326565000;10.2.13.1;10.2.13.101;;;53;65273;;;eth:ethertype:ip:udp:dns;425;;;firebasestorage.googleapis.com;
1676306023.405115000;10.2.13.101;142.251.32.74;49840;443;;;;firebasestorage.googleapis.com;eth:ethertype:ip:tcp:tls;571;;;;0x0018
1676306300.526312000;10.2.13.101;10.2.13.1;;;59865;53;;;eth:ethertype:ip:udp:dns;80;;;alishabrindeader.com;
1676306300.534656000;10.2.13.1;10.2.13.101;;;53;59865;;;eth:ethertype:ip:udp:dns;183;;;alishabrindeader.com;
1676306300.700752000;10.2.13.101;45.61.139.138;49863;80;;;alishabrindeader.com;;eth:ethertype:ip:tcp:http;360;GET;;;0x0018
1676306365.195933000;10.2.13.101;10.2.13.1;;;54753;53;;;eth:ethertype:ip:udp:dns;81;;;treylercompandium.com;
1676306365.229715000;10.2.13.1;10.2.13.101;;;53;54753;;;eth:ethertype:ip:udp:dns;413;;;treylercompandium.com;
1676306365.322646000;10.2.13.101;192.3.76.227;49864;443;;;;treylercompandium.com;eth:ethertype:ip:tcp:tls;242;;;;0x0018
1676306368.182335000;10.2.13.101;192.3.76.227;49865;443;;;;treylercompandium.com;eth:ethertype:ip:tcp:tls;242;;;;0x0018
1676306368.182826000;10.2.13.101;192.3.76.227;49866;443;;;;treylercompandium.com;eth:ethertype:ip:tcp:tls;242;;;;0x0018
1676306373.510304000;10.2.13.101;10.2.13.1;;;61723;53;;;eth:ethertype:ip:udp:dns;75;;;qonavlecher.com;
1676306373.613374000;10.2.13.1;10.2.13.101;;;53;61723;;;eth:ethertype:ip:udp:dns;412;;;qonavlecher.com;
1676306373.697825000;10.2.13.101;192.3.76.227;49868;443;;;;qonavlecher.com;eth:ethertype:ip:tcp:tls;236;;;;0x0018
1676306667.172536000;10.2.13.101;10.2.13.1;;;51856;53;;;eth:ethertype:ip:udp:dns;75;;;qonavlecher.com;
1676306667.356540000;10.2.13.1;10.2.13.101;;;53;51856;;;eth:ethertype:ip:udp:dns;91;;;qonavlecher.com;
1676306667.428805000;10.2.13.101;192.3.76.227;49874;443;;;;qonavlecher.com;eth:ethertype:ip:tcp:tls;236;;;;0x0018
1676306969.227568000;10.2.13.101;10.2.13.1;;;63796;53;;;eth:ethertype:ip:udp:dns;75;;;qonavlecher.com;
1676306969.267988000;10.2.13.1;10.2.13.101;;;53;63796;;;eth:ethertype:ip:udp:dns;91;;;qonavlecher.com;
1676306969.349075000;10.2.13.101;192.3.76.227;49875;443;;;;qonavlecher.com;eth:ethertype:ip:tcp:tls;236;;;;0x0018
1676307271.295698000;10.2.13.101;10.2.13.1;;;62430;53;;;eth:ethertype:ip:udp:dns;75;;;qonavlecher.com;
1676307271.421405000;10.2.13.1;10.2.13.101;;;53;62430;;;eth:ethertype:ip:udp:dns;91;;;qonavlecher.com;
1676307271.501156000;10.2.13.101;192.3.76.227;49876;443;;;;qonavlecher.com;eth:ethertype:ip:tcp:tls;236;;;;0x0018
1676307573.290175000;10.2.13.101;10.2.13.1;;;62157;53;;;eth:ethertype:ip:udp:dns;75;;;qonavlecher.com;
1676307573.334520000;10.2.13.1;10.2.13.101;;;53;62157;;;eth:ethertype:ip:udp:dns;91;;;qonavlecher.com;
1676307573.411879000;10.2.13.101;192.3.76.227;49884;443;;;;qonavlecher.com;eth:ethertype:ip:tcp:tls;236;;;;0x0018
1676307875.071681000;10.2.13.101;10.2.13.1;;;57141;53;;;eth:ethertype:ip:udp:dns;75;;;qonavlecher.com;
1676307875.073866000;10.2.13.1;10.2.13.101;;;53;57141;;;eth:ethertype:ip:udp:dns;91;;;qonavlecher.com;
1676307875.161531000;10.2.13.101;192.3.76.227;49888;443;;;;qonavlecher.com;eth:ethertype:ip:tcp:tls;236;;;;0x0018
1676308176.958809000;10.2.13.101;10.2.13.1;;;58708;53;;;eth:ethertype:ip:udp:dns;75;;;qonavlecher.com;
1676308177.028889000;10.2.13.1;10.2.13.101;;;53;58708;;;eth:ethertype:ip:udp:dns;91;;;qonavlecher.com;
1676308177.112156000;10.2.13.101;192.3.76.227;49894;443;;;;qonavlecher.com;eth:ethertype:ip:tcp:tls;236;;;;0x0018
1676308478.926869000;10.2.13.101;10.2.13.1;;;62801;53;;;eth:ethertype:ip:udp:dns;75;;;qonavlecher.com;
1676308478.962940000;10.2.13.1;10.2.13.101;;;53;62801;;;eth:ethertype:ip:udp:dns;91;;;qonavlecher.com;
1676308479.049380000;10.2.13.101;192.3.76.227;49897;443;;;;qonavlecher.com;eth:ethertype:ip:tcp:tls;236;;;;0x0018
1676308780.707595000;10.2.13.101;10.2.13.1;;;58044;53;;;eth:ethertype:ip:udp:dns;75;;;qonavlecher.com;
1676308780.784909000;10.2.13.1;10.2.13.101;;;53;58044;;;eth:ethertype:ip:udp:dns;91;;;qonavlecher.com;
1676308780.861778000;10.2.13.101;192.3.76.227;49902;443;;;;qonavlecher.com;eth:ethertype:ip:tcp:tls;236;;;;0x0018
1676309082.477771000;10.2.13.101;10.2.13.1;;;65252;53;;;eth:ethertype:ip:udp:dns;75;;;qonavlecher.com;
1676309082.651037000;10.2.13.1;10.2.13.101;;;53;65252;;;eth:ethertype:ip:udp:dns;91;;;qonavlecher.com;
1676309082.730148000;10.2.13.101;192.3.76.227;49908;443;;;;qonavlecher.com;eth:ethertype:ip:tcp:tls;236;;;;0x0018
1676309384.236703000;10.2.13.101;10.2.13.1;;;52960;53;;;eth:ethertype:ip:udp:dns;75;;;qonavlecher.com;
1676309384.324271000;10.2.13.1;10.2.13.101;;;53;52960;;;eth:ethertype:ip:udp:dns;91;;;qonavlecher.com;
1676309384.402931000;10.2.13.101;192.3.76.227;49910;443;;;;qonavlecher.com;eth:ethertype:ip:tcp:tls;236;;;;0x0018
1676309686.234676000;10.2.13.101;10.2.13.1;;;64006;53;;;eth:ethertype:ip:udp:dns;75;;;qonavlecher.com;
1676309686.278990000;10.2.13.1;10.2.13.101;;;53;64006;;;eth:ethertype:ip:udp:dns;91;;;qonavlecher.com;
1676309686.355070000;10.2.13.101;192.3.76.227;49915;443;;;;qonavlecher.com;eth:ethertype:ip:tcp:tls;236;;;;0x0018
1676309987.892613000;10.2.13.101;10.2.13.1;;;50440;53;;;eth:ethertype:ip:udp:dns;75;;;qonavlecher.com;
1676309987.956374000;10.2.13.1;10.2.13.101;;;53;50440;;;eth:ethertype:ip:udp:dns;91;;;qonavlecher.com;
1676309988.037119000;10.2.13.101;192.3.76.227;49922;443;;;;qonavlecher.com;eth:ethertype:ip:tcp:tls;236;;;;0x0018
1676310289.893800000;10.2.13.101;10.2.13.1;;;55622;53;;;eth:ethertype:ip:udp:dns;75;;;qonavlecher.com;
1676310289.933825000;10.2.13.1;10.2.13.101;;;53;55622;;;eth:ethertype:ip:udp:dns;91;;;qonavlecher.com;
1676310290.012277000;10.2.13.101;192.3.76.227;49925;443;;;;qonavlecher.com;eth:ethertype:ip:tcp:tls;236;;;;0x0018
1676310591.657614000;10.2.13.101;10.2.13.1;;;57127;53;;;eth:ethertype:ip:udp:dns;75;;;qonavlecher.com;
1676310591.696846000;10.2.13.1;10.2.13.101;;;53;57127;;;eth:ethertype:ip:udp:dns;91;;;qonavlecher.com;
1676310591.790683000;10.2.13.101;192.3.76.227;49935;443;;;;qonavlecher.com;eth:ethertype:ip:tcp:tls;236;;;;0x0018
1676310893.729865000;10.2.13.101;10.2.13.1;;;52240;53;;;eth:ethertype:ip:udp:dns;75;;;qonavlecher.com;
1676310893.892737000;10.2.13.1;10.2.13.101;;;53;52240;;;eth:ethertype:ip:udp:dns;91;;;qonavlecher.com;
1676310893.972466000;10.2.13.101;192.3.76.227;49940;443;;;;qonavlecher.com;eth:ethertype:ip:tcp:tls;236;;;;0x0018
1676311195.688183000;10.2.13.101;10.2.13.1;;;57855;53;;;eth:ethertype:ip:udp:dns;75;;;qonavlecher.com;
1676311195.883059000;10.2.13.1;10.2.13.101;;;53;57855;;;eth:ethertype:ip:udp:dns;91;;;qonavlecher.com;
1676311195.955889000;10.2.13.101;192.3.76.227;49946;443;;;;qonavlecher.com;eth:ethertype:ip:tcp:tls;236;;;;0x0018
1676311497.585938000;10.2.13.101;10.2.13.1;;;64267;53;;;eth:ethertype:ip:udp:dns;75;;;qonavlecher.com;
1676311497.708012000;10.2.13.1;10.2.13.101;;;53;64267;;;eth:ethertype:ip:udp:dns;91;;;qonavlecher.com;
1676311497.784706000;10.2.13.101;192.3.76.227;49947;443;;;;qonavlecher.com;eth:ethertype:ip:tcp:tls;236;;;;0x0018
1676311799.268599000;10.2.13.101;10.2.13.1;;;64736;53;;;eth:ethertype:ip:udp:dns;75;;;qonavlecher.com;
1676311799.307451000;10.2.13.1;10.2.13.101;;;53;64736;;;eth:ethertype:ip:udp:dns;91;;;qonavlecher.com;
1676311799.376580000;10.2.13.101;192.3.76.227;49948;443;;;;qonavlecher.com;eth:ethertype:ip:tcp:tls;236;;;;0x0018
1676312100.967310000;10.2.13.101;10.2.13.1;;;59622;53;;;eth:ethertype:ip:udp:dns;75;;;qonavlecher.com;
1676312101.006639000;10.2.13.1;10.2.13.101;;;53;59622;;;eth:ethertype:ip:udp:dns;91;;;qonavlecher.com;
1676312101.081957000;10.2.13.101;192.3.76.227;49953;443;;;;qonavlecher.com;eth:ethertype:ip:tcp:tls;236;;;;0x0018
1676312402.828479000;10.2.13.101;10.2.13.1;;;56125;53;;;eth:ethertype:ip:udp:dns;75;;;qonavlecher.com;
1676312402.875691000;10.2.13.1;10.2.13.101;;;53;56125;;;eth:ethertype:ip:udp:dns;91;;;qonavlecher.com;
1676312402.956430000;10.2.13.101;192.3.76.227;49958;443;;;;qonavlecher.com;eth:ethertype:ip:tcp:tls;236;;;;0x0018
1676312711.618705000;10.2.13.101;10.2.13.1;;;58041;53;;;eth:ethertype:ip:udp:dns;75;;;qonavlecher.com;
1676312711.669097000;10.2.13.1;10.2.13.101;;;53;58041;;;eth:ethertype:ip:udp:dns;91;;;qonavlecher.com;
1676312711.758493000;10.2.13.101;192.3.76.227;49964;443;;;;qonavlecher.com;eth:ethertype:ip:tcp:tls;236;;;;0x0018
1676313013.429607000;10.2.13.101;10.2.13.1;;;60766;53;;;eth:ethertype:ip:udp:dns;75;;;qonavlecher.com;
1676313013.456859000;10.2.13.1;10.2.13.101;;;53;60766;;;eth:ethertype:ip:udp:dns;91;;;qonavlecher.com;
1676313013.535540000;10.2.13.101;192.3.76.227;49965;443;;;;qonavlecher.com;eth:ethertype:ip:tcp:tls;236;;;;0x0018
1676313318.227737000;10.2.13.101;10.2.13.1;;;60886;53;;;eth:ethertype:ip:udp:dns;75;;;qonavlecher.com;
1676313318.259239000;10.2.13.1;10.2.13.101;;;53;60886;;;eth:ethertype:ip:udp:dns;91;;;qonavlecher.com;
1676313318.339946000;10.2.13.101;192.3.76.227;49976;443;;;;qonavlecher.com;eth:ethertype:ip:tcp:tls;236;;;;0x0018
1676313619.969490000;10.2.13.101;10.2.13.1;;;61852;53;;;eth:ethertype:ip:udp:dns;75;;;qonavlecher.com;
1676313620.006727000;10.2.13.1;10.2.13.101;;;53;61852;;;eth:ethertype:ip:udp:dns;91;;;qonavlecher.com;
1676313620.090707000;10.2.13.101;192.3.76.227;49983;443;;;;qonavlecher.com;eth:ethertype:ip:tcp:tls;236;;;;0x0018
1676313921.742223000;10.2.13.101;10.2.13.1;;;58796;53;;;eth:ethertype:ip:udp:dns;75;;;qonavlecher.com;
1676313921.771303000;10.2.13.1;10.2.13.101;;;53;58796;;;eth:ethertype:ip:udp:dns;91;;;qonavlecher.com;
1676313921.845386000;10.2.13.101;192.3.76.227;49984;443;;;;qonavlecher.com;eth:ethertype:ip:tcp:tls;236;;;;0x0018
1676314223.391411000;10.2.13.101;10.2.13.1;;;61643;53;;;eth:ethertype:ip:udp:dns;75;;;qonavlecher.com;
1676314223.424370000;10.2.13.1;10.2.13.101;;;53;61643;;;eth:ethertype:ip:udp:dns;91;;;qonavlecher.com;
1676314223.510812000;10.2.13.101;192.3.76.227;49986;443;;;;qonavlecher.com;eth:ethertype:ip:tcp:tls;236;;;;0x0018
1676314525.118063000;10.2.13.101;10.2.13.1;;;56057;53;;;eth:ethertype:ip:udp:dns;75;;;qonavlecher.com;
1676314525.163844000;10.2.13.1;10.2.13.101;;;53;56057;;;eth:ethertype:ip:udp:dns;91;;;qonavlecher.com;
1676314525.243808000;10.2.13.101;192.3.76.227;50002;443;;;;qonavlecher.com;eth:ethertype:ip:tcp:tls;236;;;;0x0018
1676314826.910239000;10.2.13.101;10.2.13.1;;;64950;53;;;eth:ethertype:ip:udp:dns;75;;;qonavlecher.com;
1676314826.963920000;10.2.13.1;10.2.13.101;;;53;64950;;;eth:ethertype:ip:udp:dns;91;;;qonavlecher.com;
1676314827.039340000;10.2.13.101;192.3.76.227;50008;443;;;;qonavlecher.com;eth:ethertype:ip:tcp:tls;236;;;;0x0018
1676315128.826573000;10.2.13.101;10.2.13.1;;;53705;53;;;eth:ethertype:ip:udp:dns;75;;;qonavlecher.com;
1676315128.863419000;10.2.13.1;10.2.13.101;;;53;53705;;;eth:ethertype:ip:udp:dns;91;;;qonavlecher.com;
1676315128.954652000;10.2.13.101;192.3.76.227;50009;443;;;;qonavlecher.com;eth:ethertype:ip:tcp:tls;236;;;;0x0018
1676315430.528539000;10.2.13.101;10.2.13.1;;;52059;53;;;eth:ethertype:ip:udp:dns;75;;;qonavlecher.com;
1676315430.565271000;10.2.13.1;10.2.13.101;;;53;52059;;;eth:ethertype:ip:udp:dns;91;;;qonavlecher.com;
1676315430.646767000;10.2.13.101;192.3.76.227;50018;443;;;;qonavlecher.com;eth:ethertype:ip:tcp:tls;236;;;;0x0018
1676315732.287542000;10.2.13.101;10.2.13.1;;;60860;53;;;eth:ethertype:ip:udp:dns;75;;;qonavlecher.com;
1676315732.320788000;10.2.13.1;10.2.13.101;;;53;60860;;;eth:ethertype:ip:udp:dns;91;;;qonavlecher.com;
1676315732.399808000;10.2.13.101;192.3.76.227;50019;443;;;;qonavlecher.com;eth:ethertype:ip:tcp:tls;236;;;;0x0018
1676316033.950848000;10.2.13.101;10.2.13.1;;;58245;53;;;eth:ethertype:ip:udp:dns;75;;;qonavlecher.com;
1676316034.005371000;10.2.13.1;10.2.13.101;;;53;58245;;;eth:ethertype:ip:udp:dns;91;;;qonavlecher.com;
1676316034.086881000;10.2.13.101;192.3.76.227;50020;443;;;;qonavlecher.com;eth:ethertype:ip:tcp:tls;236;;;;0x0018
1676316335.920244000;10.2.13.101;10.2.13.1;;;50813;53;;;eth:ethertype:ip:udp:dns;75;;;qonavlecher.com;
1676316335.983053000;10.2.13.1;10.2.13.101;;;53;50813;;;eth:ethertype:ip:udp:dns;91;;;qonavlecher.com;
1676316336.072611000;10.2.13.101;192.3.76.227;50022;443;;;;qonavlecher.com;eth:ethertype:ip:tcp:tls;236;;;;0x0018
1676316637.917281000;10.2.13.101;10.2.13.1;;;56429;53;;;eth:ethertype:ip:udp:dns;75;;;qonavlecher.com;
1676316637.967622000;10.2.13.1;10.2.13.101;;;53;56429;;;eth:ethertype:ip:udp:dns;91;;;qonavlecher.com;
1676316638.047359000;10.2.13.101;192.3.76.227;50025;443;;;;qonavlecher.com;eth:ethertype:ip:tcp:tls;236;;;;0x0018
1677169246.874184000;10.24.8.189;104.156.149.6;50652;80;;;104.156.149.6;;eth:ethertype:ip:tcp:http;222;PROPFIND;;;0x0018
1677169246.896112000;10.24.8.189;104.156.149.6;50652;80;;;104.156.149.6;;eth:ethertype:ip:tcp:http;223;PROPFIND;;;0x0018
1677169246.938873000;10.24.8.189;104.156.149.6;50653;80;;;104.156.149.6;;eth:ethertype:ip:tcp:http;235;PROPFIND;;;0x0018
1677169246.942675000;10.24.8.189;104.156.149.6;50654;80;;;104.156.149.6;;eth:ethertype:ip:tcp:http;235;PROPFIND;;;0x0018
1677169248.552177000;10.24.8.189;104.156.149.6;50655;80;;;104.156.149.6;;eth:ethertype:ip:tcp:http;244;GET;;;0x0018
1677169250.351999000;10.24.8.189;104.156.149.6;50656;80;;;104.156.149.6;;eth:ethertype:ip:tcp:http;240;PROPFIND;;;0x0018
1677169250.422364000;10.24.8.189;104.156.149.6;50657;80;;;104.156.149.6;;eth:ethertype:ip:tcp:http;231;PROPFIND;;;0x0018
1677169250.444776000;10.24.8.189;104.156.149.6;50657;80;;;104.156.149.6;;eth:ethertype:ip:tcp:http;240;GET;;;0x0018
1677169250.449183000;10.24.8.189;10.24.8.8;;;59803;53;;;eth:ethertype:ip:udp:dns;78;;;mandalorecnote.com;
1677169250.569449000;10.24.8.189;104.156.149.6;50660;80;;;104.156.149.6;;eth:ethertype:ip:tcp:http;244;PROPFIND;;;0x0018
1677169250.583638000;10.24.8.8;10.24.8.189;;;53;59803;;;eth:ethertype:ip:udp:dns;94;;;mandalorecnote.com;
1677169250.605274000;10.24.8.189;157.254.195.65;50661;80;;;mandalorecnote.com;;eth:ethertype:ip:tcp:http;143;GET;;;0x0018
1677169250.613156000;10.24.8.189;104.156.149.6;50662;80;;;104.156.149.6;;eth:ethertype:ip:tcp:http;244;PROPFIND;;;0x0018
1677169250.655038000;10.24.8.189;104.156.149.6;50663;80;;;104.156.149.6;;eth:ethertype:ip:tcp:http;240;PROPFIND;;;0x0018
1677169252.309001000;10.24.8.189;10.24.8.8;;;64840;53;;;eth:ethertype:ip:udp:dns;71;;;ituitem.net;
1677169252.480918000;10.24.8.8;10.24.8.189;;;53;64840;;;eth:ethertype:ip:udp:dns;87;;;ituitem.net;
1677169252.621200000;10.24.8.189;5.61.47.8;50664;443;;;;ituitem.net;eth:ethertype:ip:tcp:tls;232;;;;0x0018
1677169253.201884000;10.24.8.189;5.61.47.8;50665;80;;;ituitem.net;;eth:ethertype:ip:tcp:http;347;GET;;;0x0018
1677169314.231316000;10.24.8.189;10.24.8.8;;;57268;53;;;eth:ethertype:ip:udp:dns;75;;;renomesolar.com;
1677169314.265260000;10.24.8.8;10.24.8.189;;;53;57268;;;eth:ethertype:ip:udp:dns;91;;;renomesolar.com;
1677169314.391580000;10.24.8.189;38.180.0.89;50666;443;;;;renomesolar.com;eth:ethertype:ip:tcp:tls;236;;;;0x0018
1677169315.931086000;10.24.8.189;38.180.0.89;50668;443;;;;renomesolar.com;eth:ethertype:ip:tcp:tls;236;;;;0x0018
1677169315.931874000;10.24.8.189;38.180.0.89;50667;443;;;;renomesolar.com;eth:ethertype:ip:tcp:tls;236;;;;0x0018
1677169322.293471000;10.24.8.189;10.24.8.8;;;53465;53;;;eth:ethertype:ip:udp:dns;81;;;palasedelareforma.com;
1677169322.562128000;10.24.8.8;10.24.8.189;;;53;53465;;;eth:ethertype:ip:udp:dns;97;;;palasedelareforma.com;
1677169322.719896000;10.24.8.189;37.252.6.77;50674;443;;;;palasedelareforma.com;eth:ethertype:ip:tcp:tls;242;;;;0x0018
1677169328.824891000;10.24.8.189;10.24.8.8;;;65479;53;;;eth:ethertype:ip:udp:dns;73;;;noosaerty.com;
1677169328.944744000;10.24.8.8;10.24.8.189;;;53;65479;;;eth:ethertype:ip:udp:dns;89;;;noosaerty.com;
1677169329.087185000;10.24.8.189;80.78.24.30;50675;443;;;;noosaerty.com;eth:ethertype:ip:tcp:tls;234;;;;0x0018
1677169377.547044000;10.24.8.189;10.24.8.8;;;56452;53;;;eth:ethertype:ip:udp:dns;81;;;wpad.youbeforeme.life;
1677169377.547383000;10.24.8.8;10.24.8.189;;;53;56452;;;eth:ethertype:ip:udp:dns;160;;;wpad.youbeforeme.life;
1677169616.168749000;10.24.8.189;38.180.0.89;50677;443;;;;renomesolar.com;eth:ethertype:ip:tcp:tls;236;;;;0x0018
1677169917.646892000;10.24.8.189;38.180.0.89;50679;443;;;;renomesolar.com;eth:ethertype:ip:tcp:tls;236;;;;0x0018
1677169977.843407000;10.24.8.189;10.24.8.8;;;55415;53;;;eth:ethertype:ip:udp:dns;81;;;wpad.youbeforeme.life;
1677169977.843849000;10.24.8.8;10.24.8.189;;;53;55415;;;eth:ethertype:ip:udp:dns;160;;;wpad.youbeforeme.life;
1677170219.237104000;10.24.8.189;38.180.0.89;50680;443;;;;renomesolar.com;eth:ethertype:ip:tcp:tls;236;;;;0x0018
1677546707.934566000;172.16.0.143;172.16.0.10;;;53388;53;;;eth:ethertype:ip:udp:dns;75;;;columbiahhc.com;
1677546708.168967000;172.16.0.10;172.16.0.143;;;53;53388;;;eth:ethertype:ip:udp:dns;91;;;columbiahhc.com;
1677546708.428690000;172.16.0.143;64.151.228.124;52401;80;;;columbiahhc.com;;eth:ethertype:ip:tcp:http;491;GET;;;0x0018
1677546709.091609000;172.16.0.143;64.151.228.124;52402;80;;;columbiahhc.com;;eth:ethertype:ip:tcp:http;494;GET;;;0x0018
1677546809.058149000;172.16.0.143;172.16.0.10;;;60876;53;;;eth:ethertype:ip:udp:dns;80;;;wpad.rydeordie.audio;
1677546809.058446000;172.16.0.10;172.16.0.143;;;53;60876;;;eth:ethertype:ip:udp:dns;158;;;wpad.rydeordie.audio;
1677546809.068266000;172.16.0.143;172.16.0.10;;;51648;53;;;eth:ethertype:ip:udp:dns;76;;;wpad.localdomain;
1677546809.068860000;172.16.0.10;172.16.0.143;;;53;51648;;;eth:ethertype:ip:udp:dns;151;;;wpad.localdomain;
1677546809.107134000;172.16.0.143;172.16.0.10;;;50163;53;;;eth:ethertype:ip:udp:dns;79;;;learn.microsoft.com;
1677546809.116298000;172.16.0.143;239.255.255.250;;;63652;1900;239.255.255.250:1900;;eth:ethertype:ip:udp:ssdp;217;M-SEARCH;;;
1677546809.243588000;172.16.0.10;172.16.0.143;;;53;50163;;;eth:ethertype:ip:udp:dns;284;;;learn.microsoft.com;
1677546809.404623000;172.16.0.143;95.101.247.59;52406;443;;;;learn.microsoft.com;eth:ethertype:ip:tcp:tls;571;;;;0x0018
1677546809.494482000;172.16.0.143;95.101.247.59;52407;443;;;;learn.microsoft.com;eth:ethertype:ip:tcp:tls;571;;;;0x0018
1677546810.122987000;172.16.0.143;239.255.255.250;;;63652;1900;239.255.255.250:1900;;eth:ethertype:ip:udp:ssdp;217;M-SEARCH;;;
1677546811.124108000;172.16.0.143;239.255.255.250;;;63652;1900;239.255.255.250:1900;;eth:ethertype:ip:udp:ssdp;217;M-SEARCH;;;
1677546812.154045000;172.16.0.143;239.255.255.250;;;63652;1900;239.255.255.250:1900;;eth:ethertype:ip:udp:ssdp;217;M-SEARCH;;;
1677546820.038021000;172.16.0.143;67.207.84.43;52414;80;;;67.207.84.43;;eth:ethertype:ip:tcp:http;220;GET;;;0x0018
1677546821.896087000;172.16.0.143;172.16.0.10;;;65117;53;;;eth:ethertype:ip:udp:dns;97;;;_ldap._tcp.pdc._msdcs.rydeordie.audio;
1677546821.896353000;172.16.0.10;172.16.0.143;;;53;65117;;;eth:ethertype:ip:udp:dns;164;;;_ldap._tcp.pdc._msdcs.rydeordie.audio;
1677546824.401278000;172.16.0.143;172.16.0.10;;;52736;53;;;eth:ethertype:ip:udp:dns;97;;;_ldap._tcp.pdc._msdcs.rydeordie.audio;
1677546824.401516000;172.16.0.10;172.16.0.143;;;53;52736;;;eth:ethertype:ip:udp:dns;164;;;_ldap._tcp.pdc._msdcs.rydeordie.audio;
1677546847.325068000;172.16.0.143;172.16.0.10;;;59020;53;;;eth:ethertype:ip:udp:dns;72;;;www.bing.com;
1677546847.420409000;172.16.0.10;172.16.0.143;;;53;59020;;;eth:ethertype:ip:udp:dns;273;;;www.bing.com;
1677546847.562209000;172.16.0.143;88.221.87.91;52415;443;;;;www.bing.com;eth:ethertype:ip:tcp:tls;251;;;;0x0018
1677547032.708833000;172.16.0.143;172.16.0.10;;;53064;53;;;eth:ethertype:ip:udp:dns;89;;;v10.events.data.microsoft.com;
1677547032.802457000;172.16.0.10;172.16.0.143;;;53;53064;;;eth:ethertype:ip:udp:dns;229;;;v10.events.data.microsoft.com;
1677547033.034253000;172.16.0.143;104.208.16.90;52431;443;;;;v10.events.data.microsoft.com;eth:ethertype:ip:tcp:tls;268;;;;0x0018
1677547046.713780000;172.16.0.143;20.166.126.56;52433;443;;;;fe3cr.delivery.mp.microsoft.com;eth:ethertype:ip:tcp:tls;270;;;;0x0018
1677547047.905435000;172.16.0.143;172.16.0.10;;;59891;53;;;eth:ethertype:ip:udp:dns;89;;;v10.events.data.microsoft.com;
1677547048.006957000;172.16.0.10;172.16.0.143;;;53;59891;;;eth:ethertype:ip:udp:dns;229;;;v10.events.data.microsoft.com;
1677547048.242479000;172.16.0.143;104.208.16.90;52434;443;;;;v10.events.data.microsoft.com;eth:ethertype:ip:tcp:tls;268;;;;0x0018
1677547048.251323000;172.16.0.143;172.16.0.10;;;55543;53;;;eth:ethertype:ip:udp:dns;92;;;geo.prod.do.dsp.mp.microsoft.com;
1677547048.325237000;172.16.0.10;172.16.0.143;;;53;55543;;;eth:ethertype:ip:udp:dns;179;;;geo.prod.do.dsp.mp.microsoft.com;
1677547048.469431000;172.16.0.143;20.191.46.211;52435;443;;;;geo.prod.do.dsp.mp.microsoft.com;eth:ethertype:ip:tcp:tls;271;;;;0x0018
1677547049.103364000;172.16.0.143;172.16.0.10;;;63001;53;;;eth:ethertype:ip:udp:dns;94;;;kv501.prod.do.dsp.mp.microsoft.com;
1677547049.167685000;172.16.0.10;172.16.0.143;;;53;63001;;;eth:ethertype:ip:udp:dns;204;;;kv501.prod.do.dsp.mp.microsoft.com;
1677547049.294937000;172.16.0.143;23.64.22.12;52436;443;;;;kv501.prod.do.dsp.mp.microsoft.com;eth:ethertype:ip:tcp:tls;273;;;;0x0018
1677547049.799527000;172.16.0.143;172.16.0.10;;;59543;53;;;eth:ethertype:ip:udp:dns;89;;;v10.events.data.microsoft.com;
1677547049.857659000;172.16.0.10;172.16.0.143;;;53;59543;;;eth:ethertype:ip:udp:dns;229;;;v10.events.data.microsoft.com;
1677547049.907859000;172.16.0.143;172.16.0.10;;;64028;53;;;eth:ethertype:ip:udp:dns;94;;;cp501.prod.do.dsp.mp.microsoft.com;
1677547049.967705000;172.16.0.10;172.16.0.143;;;53;64028;;;eth:ethertype:ip:udp:dns;204;;;cp501.prod.do.dsp.mp.microsoft.com;
1677547050.091799000;172.16.0.143;104.208.16.90;52437;443;;;;v10.events.data.microsoft.com;eth:ethertype:ip:tcp:tls;268;;;;0x0018
1677547050.096144000;172.16.0.143;23.64.22.12;52438;443;;;;cp501.prod.do.dsp.mp.microsoft.com;eth:ethertype:ip:tcp:tls;273;;;;0x0018
1677547053.464675000;172.16.0.143;172.16.0.10;;;54525;53;;;eth:ethertype:ip:udp:dns;89;;;v10.events.data.microsoft.com;
1677547053.518573000;172.16.0.10;172.16.0.143;;;53;54525;;;eth:ethertype:ip:udp:dns;229;;;v10.events.data.microsoft.com;
1677547053.751567000;172.16.0.143;104.208.16.90;52441;443;;;;v10.events.data.microsoft.com;eth:ethertype:ip:tcp:tls;268;;;;0x0018
1677547057.083140000;172.16.0.143;172.16.0.10;;;51183;53;;;eth:ethertype:ip:udp:dns;89;;;v10.events.data.microsoft.com;
1677547057.135531000;172.16.0.10;172.16.0.143;;;53;51183;;;eth:ethertype:ip:udp:dns;229;;;v10.events.data.microsoft.com;
1677547057.378031000;172.16.0.143;104.208.16.90;52442;443;;;;v10.events.data.microsoft.com;eth:ethertype:ip:tcp:tls;268;;;;0x0018
1677547065.147120000;172.16.0.143;239.255.255.250;;;51185;1900;239.255.255.250:1900;;eth:ethertype:ip:udp:ssdp;179;M-SEARCH;;;
1677547065.150694000;172.16.0.143;239.255.255.250;;;51185;1900;239.255.255.250:1900;;eth:ethertype:ip:udp:ssdp;179;M-SEARCH;;;
1677547065.359152000;172.16.0.143;239.255.255.250;;;51185;1900;239.255.255.250:1900;;eth:ethertype:ip:udp:ssdp;179;M-SEARCH;;;
1677547068.149012000;172.16.0.143;239.255.255.250;;;51185;1900;239.255.255.250:1900;;eth:ethertype:ip:udp:ssdp;179;M-SEARCH;;;
1677547068.149667000;172.16.0.143;239.255.255.250;;;51185;1900;239.255.255.250:1900;;eth:ethertype:ip:udp:ssdp;179;M-SEARCH;;;
1677547068.363861000;172.16.0.143;239.255.255.250;;;51185;1900;239.255.255.250:1900;;eth:ethertype:ip:udp:ssdp;179;M-SEARCH;;;
1677547071.159989000;172.16.0.143;239.255.255.250;;;51185;1900;239.255.255.250:1900;;eth:ethertype:ip:udp:ssdp;179;M-SEARCH;;;
1677547071.160203000;172.16.0.143;239.255.255.250;;;51185;1900;239.255.255.250:1900;;eth:ethertype:ip:udp:ssdp;179;M-SEARCH;;;
1677547141.322683000;172.16.0.143;172.16.0.10;;;51551;53;;;eth:ethertype:ip:udp:dns;72;;;broadcom.com;
1677547141.377956000;172.16.0.10;172.16.0.143;;;53;51551;;;eth:ethertype:ip:udp:dns;120;;;broadcom.com;
1677547141.664894000;172.16.0.143;54.68.22.26;52448;443;;;;broadcom.com;eth:ethertype:ip:tcp:tls;233;;;;0x0018
1677547142.617828000;172.16.0.143;172.16.0.10;;;57799;53;;;eth:ethertype:ip:udp:dns;76;;;www.broadcom.com;
1677547142.685463000;172.16.0.10;172.16.0.143;;;53;57799;;;eth:ethertype:ip:udp:dns;175;;;www.broadcom.com;
1677547142.807262000;172.16.0.143;104.18.32.150;52449;443;;;;www.broadcom.com;eth:ethertype:ip:tcp:tls;237;;;;0x0018
1677547183.347139000;172.16.0.143;172.16.0.10;;;52692;53;;;eth:ethertype:ip:udp:dns;76;;;dns.msftncsi.com;
1677547183.413290000;172.16.0.10;172.16.0.143;;;53;52692;;;eth:ethertype:ip:udp:dns;92;;;dns.msftncsi.com;
1677547191.098194000;172.16.0.143;172.16.0.10;;;59904;53;;;eth:ethertype:ip:udp:dns;127;;;_ldap._tcp.Default-First-Site-Name._sites.dc._msdcs.rydeordie.audio;
1677547191.098449000;172.16.0.10;172.16.0.143;;;53;59904;;;eth:ethertype:ip:udp:dns;194;;;_ldap._tcp.Default-First-Site-Name._sites.dc._msdcs.rydeordie.audio;
1677547223.121290000;172.16.0.143;172.16.0.10;;;57991;53;;;eth:ethertype:ip:udp:dns;89;;;v10.events.data.microsoft.com;
1677547223.185269000;172.16.0.10;172.16.0.143;;;53;57991;;;eth:ethertype:ip:udp:dns;229;;;v10.events.data.microsoft.com;
1677547223.419684000;172.16.0.143;104.208.16.88;52461;443;;;;v10.events.data.microsoft.com;eth:ethertype:ip:tcp:tls;268;;;;0x0018
1677547228.036468000;172.16.0.143;172.16.0.10;;;55633;53;;;eth:ethertype:ip:udp:dns;80;;;wpad.rydeordie.audio;
1677547228.036720000;172.16.0.10;172.16.0.143;;;53;55633;;;eth:ethertype:ip:udp:dns;158;;;wpad.rydeordie.audio;
1677547228.036906000;172.16.0.143;172.16.0.10;;;59007;53;;;eth:ethertype:ip:udp:dns;76;;;wpad.localdomain;
1677547228.037011000;172.16.0.10;172.16.0.143;;;53;59007;;;eth:ethertype:ip:udp:dns;151;;;wpad.localdomain;
1677547236.047295000;172.16.0.143;172.16.0.10;;;52674;53;;;eth:ethertype:ip:udp:dns;80;;;wpad.rydeordie.audio;
1677547236.047543000;172.16.0.10;172.16.0.143;;;53;52674;;;eth:ethertype:ip:udp:dns;158;;;wpad.rydeordie.audio;
1677547236.047743000;172.16.0.143;172.16.0.10;;;65258;53;;;eth:ethertype:ip:udp:dns;76;;;wpad.localdomain;
1677547236.047822000;172.16.0.10;172.16.0.143;;;53;65258;;;eth:ethertype:ip:udp:dns;151;;;wpad.localdomain;
1677547237.875593000;172.16.0.143;172.16.0.10;;;50075;53;;;eth:ethertype:ip:udp:dns;80;;;wpad.rydeordie.audio;
1677547237.875807000;172.16.0.10;172.16.0.143;;;53;50075;;;eth:ethertype:ip:udp:dns;158;;;wpad.rydeordie.audio;
1677547237.876016000;172.16.0.143;172.16.0.10;;;62725;53;;;eth:ethertype:ip:udp:dns;76;;;wpad.localdomain;
1677547237.876096000;172.16.0.10;172.16.0.143;;;53;62725;;;eth:ethertype:ip:udp:dns;151;;;wpad.localdomain;
1677547252.882236000;172.16.0.143;172.16.0.10;;;50454;53;;;eth:ethertype:ip:udp:dns;80;;;wpad.rydeordie.audio;
1677547252.882470000;172.16.0.10;172.16.0.143;;;53;50454;;;eth:ethertype:ip:udp:dns;158;;;wpad.rydeordie.audio;
1677547252.882667000;172.16.0.143;172.16.0.10;;;59369;53;;;eth:ethertype:ip:udp:dns;76;;;wpad.localdomain;
1677547252.882757000;172.16.0.10;172.16.0.143;;;53;59369;;;eth:ethertype:ip:udp:dns;151;;;wpad.localdomain;
1677547312.896293000;172.16.0.143;172.16.0.10;;;65405;53;;;eth:ethertype:ip:udp:dns;80;;;wpad.rydeordie.audio;
1677547312.896601000;172.16.0.10;172.16.0.143;;;53;65405;;;eth:ethertype:ip:udp:dns;158;;;wpad.rydeordie.audio;
1677547312.896812000;172.16.0.143;172.16.0.10;;;64161;53;;;eth:ethertype:ip:udp:dns;76;;;wpad.localdomain;
1677547312.896904000;172.16.0.10;172.16.0.143;;;53;64161;;;eth:ethertype:ip:udp:dns;151;;;wpad.localdomain;
1677547318.365812000;172.16.0.143;172.16.0.10;;;50544;53;;;eth:ethertype:ip:udp:dns;76;;;dns.msftncsi.com;
1677547318.417217000;172.16.0.10;172.16.0.143;;;53;50544;;;eth:ethertype:ip:udp:dns;92;;;dns.msftncsi.com;
1677547343.115790000;172.16.0.143;172.16.0.10;;;50757;53;;;eth:ethertype:ip:udp:dns;80;;;wpad.rydeordie.audio;
1677547343.116049000;172.16.0.10;172.16.0.143;;;53;50757;;;eth:ethertype:ip:udp:dns;158;;;wpad.rydeordie.audio;
1677547343.116291000;172.16.0.143;172.16.0.10;;;55046;53;;;eth:ethertype:ip:udp:dns;76;;;wpad.localdomain;
1677547343.243926000;172.16.0.10;172.16.0.143;;;53;55046;;;eth:ethertype:ip:udp:dns;151;;;wpad.localdomain;
1677547358.255010000;172.16.0.143;172.16.0.10;;;63303;53;;;eth:ethertype:ip:udp:dns;80;;;wpad.rydeordie.audio;
1677547358.255206000;172.16.0.10;172.16.0.143;;;53;63303;;;eth:ethertype:ip:udp:dns;158;;;wpad.rydeordie.audio;
1677547358.255411000;172.16.0.143;172.16.0.10;;;54748;53;;;eth:ethertype:ip:udp:dns;76;;;wpad.localdomain;
1677547358.255520000;172.16.0.10;172.16.0.143;;;53;54748;;;eth:ethertype:ip:udp:dns;151;;;wpad.localdomain;
1677547389.486002000;172.16.0.143;172.16.0.10;;;51312;53;;;eth:ethertype:ip:udp:dns;89;;;v10.events.data.microsoft.com;
1677547389.558929000;172.16.0.10;172.16.0.143;;;53;51312;;;eth:ethertype:ip:udp:dns;231;;;v10.events.data.microsoft.com;
1677547389.705786000;172.16.0.143;13.69.239.74;52471;443;;;;v10.events.data.microsoft.com;eth:ethertype:ip:tcp:tls;268;;;;0x0018
1677547418.280422000;172.16.0.143;172.16.0.10;;;51352;53;;;eth:ethertype:ip:udp:dns;80;;;wpad.rydeordie.audio;
1677547418.280619000;172.16.0.10;172.16.0.143;;;53;51352;;;eth:ethertype:ip:udp:dns;158;;;wpad.rydeordie.audio;
1677547418.280855000;172.16.0.143;172.16.0.10;;;60301;53;;;eth:ethertype:ip:udp:dns;76;;;wpad.localdomain;
1677547418.280949000;172.16.0.10;172.16.0.143;;;53;60301;;;eth:ethertype:ip:udp:dns;151;;;wpad.localdomain;
1677547423.354463000;172.16.0.143;172.16.0.10;;;62768;53;;;eth:ethertype:ip:udp:dns;76;;;dns.msftncsi.com;
1677547423.420682000;172.16.0.10;172.16.0.143;;;53;62768;;;eth:ethertype:ip:udp:dns;92;;;dns.msftncsi.com;
1677547465.384587000;172.16.0.143;172.16.0.10;;;55019;53;;;eth:ethertype:ip:udp:dns;80;;;wpad.rydeordie.audio;
1677547465.384873000;172.16.0.10;172.16.0.143;;;53;55019;;;eth:ethertype:ip:udp:dns;158;;;wpad.rydeordie.audio;
1677547465.385108000;172.16.0.143;172.16.0.10;;;59406;53;;;eth:ethertype:ip:udp:dns;76;;;wpad.localdomain;
1677547465.385206000;172.16.0.10;172.16.0.143;;;53;59406;;;eth:ethertype:ip:udp:dns;151;;;wpad.localdomain;
1677547468.354111000;172.16.0.143;172.16.0.10;;;58887;53;;;eth:ethertype:ip:udp:dns;76;;;dns.msftncsi.com;
1677547468.419274000;172.16.0.10;172.16.0.143;;;53;58887;;;eth:ethertype:ip:udp:dns;92;;;dns.msftncsi.com;
1677547480.394038000;172.16.0.143;172.16.0.10;;;53431;53;;;eth:ethertype:ip:udp:dns;80;;;wpad.rydeordie.audio;
1677547480.394238000;172.16.0.10;172.16.0.143;;;53;53431;;;eth:ethertype:ip:udp:dns;158;;;wpad.rydeordie.audio;
1677547480.394462000;172.16.0.143;172.16.0.10;;;57966;53;;;eth:ethertype:ip:udp:dns;76;;;wpad.localdomain;
1677547480.394556000;172.16.0.10;172.16.0.143;;;53;57966;;;eth:ethertype:ip:udp:dns;151;;;wpad.localdomain;
1677547522.742603000;172.16.0.143;239.255.255.250;;;51185;1900;239.255.255.250:1900;;eth:ethertype:ip:udp:ssdp;179;M-SEARCH;;;
1677547522.743182000;172.16.0.143;172.16.0.10;;;49297;53;;;eth:ethertype:ip:udp:dns;91;;;WYN10-RIDEORDIE.rydeordie.audio;
1677547522.743492000;172.16.0.10;172.16.0.143;;;53;49297;;;eth:ethertype:ip:udp:dns;170;;;WYN10-RIDEORDIE.rydeordie.audio;
1677547522.743737000;172.16.0.143;224.0.0.252;;;49512;5355;;;eth:ethertype:ip:udp:llmnr;75;;;WYN10-RIDEORDIE;
1677547522.743932000;172.16.0.143;172.16.0.10;;;54696;53;;;eth:ethertype:ip:udp:dns;158;;;rydeordie.audio;
1677547522.744868000;172.16.0.10;172.16.0.143;;;53;54696;;;eth:ethertype:ip:udp:dns;158;;;rydeordie.audio;
1677547525.740646000;172.16.0.143;239.255.255.250;;;51185;1900;239.255.255.250:1900;;eth:ethertype:ip:udp:ssdp;179;M-SEARCH;;;
1677547528.750662000;172.16.0.143;239.255.255.250;;;51185;1900;239.255.255.250:1900;;eth:ethertype:ip:udp:ssdp;179;M-SEARCH;;;
1677547531.751950000;172.16.0.143;239.255.255.250;;;51185;1900;239.255.255.250:1900;;eth:ethertype:ip:udp:ssdp;179;M-SEARCH;;;
1677547534.759185000;172.16.0.143;239.255.255.250;;;51185;1900;239.255.255.250:1900;;eth:ethertype:ip:udp:ssdp;179;M-SEARCH;;;
1677547537.769949000;172.16.0.143;239.255.255.250;;;51185;1900;239.255.255.250:1900;;eth:ethertype:ip:udp:ssdp;179;M-SEARCH;;;
1677547540.409522000;172.16.0.143;172.16.0.10;;;49450;53;;;eth:ethertype:ip:udp:dns;80;;;wpad.rydeordie.audio;
1677547540.409728000;172.16.0.10;172.16.0.143;;;53;49450;;;eth:ethertype:ip:udp:dns;158;;;wpad.rydeordie.audio;
1677547540.409942000;172.16.0.143;172.16.0.10;;;62955;53;;;eth:ethertype:ip:udp:dns;76;;;wpad.localdomain;
1677547540.410050000;172.16.0.10;172.16.0.143;;;53;62955;;;eth:ethertype:ip:udp:dns;151;;;wpad.localdomain;
1677547558.360860000;172.16.0.143;172.16.0.10;;;54983;53;;;eth:ethertype:ip:udp:dns;76;;;dns.msftncsi.com;
1677547558.415985000;172.16.0.10;172.16.0.143;;;53;54983;;;eth:ethertype:ip:udp:dns;92;;;dns.msftncsi.com;
1677547577.632597000;172.16.0.143;172.16.0.10;;;63593;53;;;eth:ethertype:ip:udp:dns;80;;;wpad.rydeordie.audio;
1677547577.632819000;172.16.0.10;172.16.0.143;;;53;63593;;;eth:ethertype:ip:udp:dns;158;;;wpad.rydeordie.audio;
1677547577.633014000;172.16.0.143;172.16.0.10;;;52768;53;;;eth:ethertype:ip:udp:dns;76;;;wpad.localdomain;
1677547577.633110000;172.16.0.10;172.16.0.143;;;53;52768;;;eth:ethertype:ip:udp:dns;151;;;wpad.localdomain;
1677547592.636853000;172.16.0.143;172.16.0.10;;;49746;53;;;eth:ethertype:ip:udp:dns;80;;;wpad.rydeordie.audio;
1677547592.637084000;172.16.0.10;172.16.0.143;;;53;49746;;;eth:ethertype:ip:udp:dns;158;;;wpad.rydeordie.audio;
1677547592.637317000;172.16.0.143;172.16.0.10;;;57827;53;;;eth:ethertype:ip:udp:dns;76;;;wpad.localdomain;
1677547592.637468000;172.16.0.10;172.16.0.143;;;53;57827;;;eth:ethertype:ip:udp:dns;151;;;wpad.localdomain;
1677547652.638916000;172.16.0.143;172.16.0.10;;;55411;53;;;eth:ethertype:ip:udp:dns;80;;;wpad.rydeordie.audio;
1677547652.639130000;172.16.0.10;172.16.0.143;;;53;55411;;;eth:ethertype:ip:udp:dns;158;;;wpad.rydeordie.audio;
1677547652.639322000;172.16.0.143;172.16.0.10;;;56271;53;;;eth:ethertype:ip:udp:dns;76;;;wpad.localdomain;
1677547652.639426000;172.16.0.10;172.16.0.143;;;53;56271;;;eth:ethertype:ip:udp:dns;151;;;wpad.localdomain;
1677547685.889920000;172.16.0.143;172.16.0.10;;;52983;53;;;eth:ethertype:ip:udp:dns;80;;;wpad.rydeordie.audio;
1677547685.890171000;172.16.0.10;172.16.0.143;;;53;52983;;;eth:ethertype:ip:udp:dns;158;;;wpad.rydeordie.audio;
1677547685.890361000;172.16.0.143;172.16.0.10;;;52650;53;;;eth:ethertype:ip:udp:dns;76;;;wpad.localdomain;
1677547685.890457000;172.16.0.10;172.16.0.143;;;53;52650;;;eth:ethertype:ip:udp:dns;151;;;wpad.localdomain;
1677547700.903734000;172.16.0.143;172.16.0.10;;;55896;53;;;eth:ethertype:ip:udp:dns;80;;;wpad.rydeordie.audio;
1677547700.903923000;172.16.0.10;172.16.0.143;;;53;55896;;;eth:ethertype:ip:udp:dns;158;;;wpad.rydeordie.audio;
1677547700.904127000;172.16.0.143;172.16.0.10;;;61083;53;;;eth:ethertype:ip:udp:dns;76;;;wpad.localdomain;
1677547700.904233000;172.16.0.10;172.16.0.143;;;53;61083;;;eth:ethertype:ip:udp:dns;151;;;wpad.localdomain;
1677547760.916316000;172.16.0.143;172.16.0.10;;;53272;53;;;eth:ethertype:ip:udp:dns;80;;;wpad.rydeordie.audio;
1677547760.916569000;172.16.0.10;172.16.0.143;;;53;53272;;;eth:ethertype:ip:udp:dns;158;;;wpad.rydeordie.audio;
1677547760.916814000;172.16.0.143;172.16.0.10;;;54796;53;;;eth:ethertype:ip:udp:dns;76;;;wpad.localdomain;
1677547760.916930000;172.16.0.10;172.16.0.143;;;53;54796;;;eth:ethertype:ip:udp:dns;151;;;wpad.localdomain;
1677547791.087588000;172.16.0.143;172.16.0.10;;;51100;53;;;eth:ethertype:ip:udp:dns;80;;;wpad.rydeordie.audio;
1677547791.087831000;172.16.0.10;172.16.0.143;;;53;51100;;;eth:ethertype:ip:udp:dns;158;;;wpad.rydeordie.audio;
1677547791.088072000;172.16.0.143;172.16.0.10;;;64388;53;;;eth:ethertype:ip:udp:dns;76;;;wpad.localdomain;
1677547791.088156000;172.16.0.10;172.16.0.143;;;53;64388;;;eth:ethertype:ip:udp:dns;151;;;wpad.localdomain;
1677547798.372419000;172.16.0.143;172.16.0.10;;;51984;53;;;eth:ethertype:ip:udp:dns;76;;;dns.msftncsi.com;
1677547798.424700000;172.16.0.10;172.16.0.143;;;53;51984;;;eth:ethertype:ip:udp:dns;92;;;dns.msftncsi.com;
1677547806.094145000;172.16.0.143;172.16.0.10;;;51402;53;;;eth:ethertype:ip:udp:dns;80;;;wpad.rydeordie.audio;
1677547806.094373000;172.16.0.10;172.16.0.143;;;53;51402;;;eth:ethertype:ip:udp:dns;158;;;wpad.rydeordie.audio;
1677547806.094575000;172.16.0.143;172.16.0.10;;;57243;53;;;eth:ethertype:ip:udp:dns;76;;;wpad.localdomain;
1677547806.094673000;172.16.0.10;172.16.0.143;;;53;57243;;;eth:ethertype:ip:udp:dns;151;;;wpad.localdomain;
1677547828.366866000;172.16.0.143;172.16.0.10;;;51116;53;;;eth:ethertype:ip:udp:dns;76;;;dns.msftncsi.com;
1677547828.416805000;172.16.0.10;172.16.0.143;;;53;51116;;;eth:ethertype:ip:udp:dns;92;;;dns.msftncsi.com;
1677547866.098734000;172.16.0.143;172.16.0.10;;;62092;53;;;eth:ethertype:ip:udp:dns;80;;;wpad.rydeordie.audio;
1677547866.098983000;172.16.0.10;172.16.0.143;;;53;62092;;;eth:ethertype:ip:udp:dns;158;;;wpad.rydeordie.audio;
1677547866.099193000;172.16.0.143;172.16.0.10;;;56690;53;;;eth:ethertype:ip:udp:dns;76;;;wpad.localdomain;
1677547866.099287000;172.16.0.10;172.16.0.143;;;53;56690;;;eth:ethertype:ip:udp:dns;151;;;wpad.localdomain;
1677547899.386123000;172.16.0.143;172.16.0.10;;;60878;53;;;eth:ethertype:ip:udp:dns;80;;;wpad.rydeordie.audio;
1677547899.386393000;172.16.0.10;172.16.0.143;;;53;60878;;;eth:ethertype:ip:udp:dns;158;;;wpad.rydeordie.audio;
1677547899.386594000;172.16.0.143;172.16.0.10;;;59418;53;;;eth:ethertype:ip:udp:dns;76;;;wpad.localdomain;
1677547899.386670000;172.16.0.10;172.16.0.143;;;53;59418;;;eth:ethertype:ip:udp:dns;151;;;wpad.localdomain;
1677547903.359080000;172.16.0.143;172.16.0.10;;;61405;53;;;eth:ethertype:ip:udp:dns;76;;;dns.msftncsi.com;
1677547903.410201000;172.16.0.10;172.16.0.143;;;53;61405;;;eth:ethertype:ip:udp:dns;92;;;dns.msftncsi.com;
1677547914.401465000;172.16.0.143;172.16.0.10;;;65152;53;;;eth:ethertype:ip:udp:dns;80;;;wpad.rydeordie.audio;
1677547914.401678000;172.16.0.10;172.16.0.143;;;53;65152;;;eth:ethertype:ip:udp:dns;158;;;wpad.rydeordie.audio;
1677547914.401872000;172.16.0.143;172.16.0.10;;;53689;53;;;eth:ethertype:ip:udp:dns;76;;;wpad.localdomain;
1677547914.401980000;172.16.0.10;172.16.0.143;;;53;53689;;;eth:ethertype:ip:udp:dns;151;;;wpad.localdomain;
1677547974.405682000;172.16.0.143;172.16.0.10;;;58164;53;;;eth:ethertype:ip:udp:dns;80;;;wpad.rydeordie.audio;
1677547974.405895000;172.16.0.10;172.16.0.143;;;53;58164;;;eth:ethertype:ip:udp:dns;158;;;wpad.rydeordie.audio;
1677547974.406143000;172.16.0.143;172.16.0.10;;;54716;53;;;eth:ethertype:ip:udp:dns;76;;;wpad.localdomain;
1677547974.406248000;172.16.0.10;172.16.0.143;;;53;54716;;;eth:ethertype:ip:udp:dns;151;;;wpad.localdomain;
1677547978.366834000;172.16.0.143;172.16.0.10;;;53424;53;;;eth:ethertype:ip:udp:dns;76;;;dns.msftncsi.com;
1677547978.416987000;172.16.0.10;172.16.0.143;;;53;53424;;;eth:ethertype:ip:udp:dns;92;;;dns.msftncsi.com;
1677548004.610065000;172.16.0.143;172.16.0.10;;;55945;53;;;eth:ethertype:ip:udp:dns;80;;;wpad.rydeordie.audio;
1677548004.610333000;172.16.0.10;172.16.0.143;;;53;55945;;;eth:ethertype:ip:udp:dns;158;;;wpad.rydeordie.audio;
1677548004.610529000;172.16.0.143;172.16.0.10;;;52757;53;;;eth:ethertype:ip:udp:dns;76;;;wpad.localdomain;
1677548004.610605000;172.16.0.10;172.16.0.143;;;53;52757;;;eth:ethertype:ip:udp:dns;151;;;wpad.localdomain;
1677548019.623047000;172.16.0.143;172.16.0.10;;;59987;53;;;eth:ethertype:ip:udp:dns;80;;;wpad.rydeordie.audio;
1677548019.623284000;172.16.0.10;172.16.0.143;;;53;59987;;;eth:ethertype:ip:udp:dns;158;;;wpad.rydeordie.audio;
1677548019.623489000;172.16.0.143;172.16.0.10;;;58664;53;;;eth:ethertype:ip:udp:dns;76;;;wpad.localdomain;
1677548019.623576000;172.16.0.10;172.16.0.143;;;53;58664;;;eth:ethertype:ip:udp:dns;151;;;wpad.localdomain;
1677548053.356703000;172.16.0.143;172.16.0.10;;;51792;53;;;eth:ethertype:ip:udp:dns;76;;;dns.msftncsi.com;
1677548053.412378000;172.16.0.10;172.16.0.143;;;53;51792;;;eth:ethertype:ip:udp:dns;92;;;dns.msftncsi.com;
1677548079.632826000;172.16.0.143;172.16.0.10;;;59508;53;;;eth:ethertype:ip:udp:dns;80;;;wpad.rydeordie.audio;
1677548079.633065000;172.16.0.10;172.16.0.143;;;53;59508;;;eth:ethertype:ip:udp:dns;158;;;wpad.rydeordie.audio;
1677548079.633261000;172.16.0.143;172.16.0.10;;;58099;53;;;eth:ethertype:ip:udp:dns;76;;;wpad.localdomain;
1677548079.633345000;172.16.0.10;172.16.0.143;;;53;58099;;;eth:ethertype:ip:udp:dns;151;;;wpad.localdomain;
1677548223.799822000;172.16.0.143;172.16.0.10;;;64746;53;;;eth:ethertype:ip:udp:dns;72;;;verisign.com;
1677548223.868659000;172.16.0.10;172.16.0.143;;;53;64746;;;eth:ethertype:ip:udp:dns;104;;;verisign.com;
1677548224.078342000;172.16.0.143;209.131.162.45;52533;443;;;;verisign.com;eth:ethertype:ip:tcp:tls;233;;;;0x0018
1677548224.770229000;172.16.0.143;172.16.0.10;;;57999;53;;;eth:ethertype:ip:udp:dns;76;;;www.verisign.com;
1677548224.842326000;172.16.0.10;172.16.0.143;;;53;57999;;;eth:ethertype:ip:udp:dns;92;;;www.verisign.com;
1677548225.053060000;172.16.0.143;69.58.187.40;52534;443;;;;www.verisign.com;eth:ethertype:ip:tcp:tls;237;;;;0x0018
1677548412.405656000;172.16.0.143;209.131.162.45;52537;443;;;;verisign.com;eth:ethertype:ip:tcp:tls;233;;;;0x0018
1677548413.253508000;172.16.0.143;69.58.187.40;52538;443;;;;www.verisign.com;eth:ethertype:ip:tcp:tls;237;;;;0x0018
1677548422.779512000;172.16.0.143;239.255.255.250;;;51185;1900;239.255.255.250:1900;;eth:ethertype:ip:udp:ssdp;179;M-SEARCH;;;
1677548422.780127000;172.16.0.143;172.16.0.10;;;52610;53;;;eth:ethertype:ip:udp:dns;91;;;WYN10-RIDEORDIE.rydeordie.audio;
1677548422.780458000;172.16.0.10;172.16.0.143;;;53;52610;;;eth:ethertype:ip:udp:dns;170;;;WYN10-RIDEORDIE.rydeordie.audio;
1677548422.780579000;172.16.0.143;224.0.0.252;;;51862;5355;;;eth:ethertype:ip:udp:llmnr;75;;;WYN10-RIDEORDIE;
1677548422.781052000;172.16.0.143;172.16.0.10;;;59464;53;;;eth:ethertype:ip:udp:dns;158;;;rydeordie.audio;
1677548422.781804000;172.16.0.10;172.16.0.143;;;53;59464;;;eth:ethertype:ip:udp:dns;158;;;rydeordie.audio;
1677548425.785191000;172.16.0.143;239.255.255.250;;;51185;1900;239.255.255.250:1900;;eth:ethertype:ip:udp:ssdp;179;M-SEARCH;;;
1677548428.791743000;172.16.0.143;239.255.255.250;;;51185;1900;239.255.255.250:1900;;eth:ethertype:ip:udp:ssdp;179;M-SEARCH;;;
1677548431.804457000;172.16.0.143;239.255.255.250;;;51185;1900;239.255.255.250:1900;;eth:ethertype:ip:udp:ssdp;179;M-SEARCH;;;
1677548434.815235000;172.16.0.143;239.255.255.250;;;51185;1900;239.255.255.250:1900;;eth:ethertype:ip:udp:ssdp;179;M-SEARCH;;;
1677548437.841819000;172.16.0.143;239.255.255.250;;;51185;1900;239.255.255.250:1900;;eth:ethertype:ip:udp:ssdp;179;M-SEARCH;;;
1677548604.703738000;172.16.0.143;172.16.0.10;;;57672;53;;;eth:ethertype:ip:udp:dns;71;;;xfinity.com;
1677548604.832306000;172.16.0.10;172.16.0.143;;;53;57672;;;eth:ethertype:ip:udp:dns;119;;;xfinity.com;
1677548605.062314000;172.16.0.143;68.87.41.40;52541;443;;;;xfinity.com;eth:ethertype:ip:tcp:tls;232;;;;0x0018
1677548605.845591000;172.16.0.143;172.16.0.10;;;58269;53;;;eth:ethertype:ip:udp:dns;75;;;www.xfinity.com;
1677548605.909325000;172.16.0.10;172.16.0.143;;;53;58269;;;eth:ethertype:ip:udp:dns;169;;;www.xfinity.com;
1677548606.036507000;172.16.0.143;23.198.96.39;52542;443;;;;www.xfinity.com;eth:ethertype:ip:tcp:tls;236;;;;0x0018
1677548609.456206000;172.16.0.143;68.87.41.40;52544;443;;;;xfinity.com;eth:ethertype:ip:tcp:tls;232;;;;0x0018
1677548610.291980000;172.16.0.143;23.198.96.39;52545;443;;;;www.xfinity.com;eth:ethertype:ip:tcp:tls;236;;;;0x0018
1677548610.860424000;172.16.0.143;172.16.0.10;;;61737;53;;;eth:ethertype:ip:udp:dns;70;;;oracle.com;
1677548610.937647000;172.16.0.10;172.16.0.143;;;53;61737;;;eth:ethertype:ip:udp:dns;86;;;oracle.com;
1677548611.190751000;172.16.0.143;138.1.33.162;52546;443;;;;oracle.com;eth:ethertype:ip:tcp:tls;231;;;;0x0018
1677548612.110762000;172.16.0.143;172.16.0.10;;;55378;53;;;eth:ethertype:ip:udp:dns;74;;;www.oracle.com;
1677548612.178267000;172.16.0.10;172.16.0.143;;;53;55378;;;eth:ethertype:ip:udp:dns;169;;;www.oracle.com;
1677548612.306868000;172.16.0.143;23.198.81.248;52547;443;;;;www.oracle.com;eth:ethertype:ip:tcp:tls;235;;;;0x0018
1677548679.635621000;172.16.0.143;172.16.0.10;;;59049;53;;;eth:ethertype:ip:udp:dns;80;;;wpad.rydeordie.audio;
1677548679.635888000;172.16.0.10;172.16.0.143;;;53;59049;;;eth:ethertype:ip:udp:dns;158;;;wpad.rydeordie.audio;
1677548679.636091000;172.16.0.143;172.16.0.10;;;57433;53;;;eth:ethertype:ip:udp:dns;76;;;wpad.localdomain;
1677548679.764206000;172.16.0.10;172.16.0.143;;;53;57433;;;eth:ethertype:ip:udp:dns;151;;;wpad.localdomain;
1677548793.181251000;172.16.0.143;172.16.0.10;;;59127;53;;;eth:ethertype:ip:udp:dns;70;;;google.com;
1677548793.248126000;172.16.0.10;172.16.0.143;;;53;59127;;;eth:ethertype:ip:udp:dns;86;;;google.com;
1677548793.375560000;172.16.0.143;142.250.178.14;52549;443;;;;google.com;eth:ethertype:ip:tcp:tls;231;;;;0x0018
1677548793.844857000;172.16.0.143;172.16.0.10;;;61003;53;;;eth:ethertype:ip:udp:dns;74;;;www.google.com;
1677548793.908276000;172.16.0.10;172.16.0.143;;;53;61003;;;eth:ethertype:ip:udp:dns;90;;;www.google.com;
1677548794.035368000;172.16.0.143;142.250.178.4;52550;443;;;;www.google.com;eth:ethertype:ip:tcp:tls;235;;;;0x0018
1677548985.543190000;172.16.0.143;172.16.0.10;;;60686;53;;;eth:ethertype:ip:udp:dns;67;;;irs.gov;
1677548985.671293000;172.16.0.10;172.16.0.143;;;53;60686;;;eth:ethertype:ip:udp:dns;99;;;irs.gov;
1677548985.906787000;172.16.0.143;152.216.7.110;52553;443;;;;irs.gov;eth:ethertype:ip:tcp:tls;228;;;;0x0018
1677548986.667071000;172.16.0.143;172.16.0.10;;;60228;53;;;eth:ethertype:ip:udp:dns;71;;;www.irs.gov;
1677548986.715995000;172.16.0.10;172.16.0.143;;;53;60228;;;eth:ethertype:ip:udp:dns;161;;;www.irs.gov;
1677548986.915362000;172.16.0.143;104.78.188.220;52554;443;;;;www.irs.gov;eth:ethertype:ip:tcp:tls;232;;;;0x0018
1677549129.696852000;172.16.0.143;172.16.0.10;;;50429;53;;;eth:ethertype:ip:udp:dns;89;;;v10.events.data.microsoft.com;
1677549129.750675000;172.16.0.10;172.16.0.143;;;53;50429;;;eth:ethertype:ip:udp:dns;226;;;v10.events.data.microsoft.com;
1677549129.950515000;172.16.0.143;20.42.72.131;52558;443;;;;v10.events.data.microsoft.com;eth:ethertype:ip:tcp:tls;268;;;;0x0018
1677549174.038549000;172.16.0.143;172.16.0.10;;;57880;53;;;eth:ethertype:ip:udp:dns;69;;;cisco.com;
1677549174.091658000;172.16.0.10;172.16.0.143;;;53;57880;;;eth:ethertype:ip:udp:dns;85;;;cisco.com;
1677549174.327338000;172.16.0.143;72.163.4.185;52559;443;;;;cisco.com;eth:ethertype:ip:tcp:tls;230;;;;0x0018
1677549175.601368000;172.16.0.143;172.16.0.10;;;65225;53;;;eth:ethertype:ip:udp:dns;73;;;www.cisco.com;
1677549175.667127000;172.16.0.10;172.16.0.143;;;53;65225;;;eth:ethertype:ip:udp:dns;255;;;www.cisco.com;
1677549175.796108000;172.16.0.143;23.213.210.230;52560;443;;;;www.cisco.com;eth:ethertype:ip:tcp:tls;234;;;;0x0018
1677549279.772181000;172.16.0.143;172.16.0.10;;;60191;53;;;eth:ethertype:ip:udp:dns;80;;;wpad.rydeordie.audio;
1677549279.772429000;172.16.0.10;172.16.0.143;;;53;60191;;;eth:ethertype:ip:udp:dns;158;;;wpad.rydeordie.audio;
1677549279.772610000;172.16.0.143;172.16.0.10;;;55998;53;;;eth:ethertype:ip:udp:dns;76;;;wpad.localdomain;
1677549279.772706000;172.16.0.10;172.16.0.143;;;53;55998;;;eth:ethertype:ip:udp:dns;151;;;wpad.localdomain;
1677549322.799680000;172.16.0.143;239.255.255.250;;;51185;1900;239.255.255.250:1900;;eth:ethertype:ip:udp:ssdp;179;M-SEARCH;;;
1677549322.800617000;172.16.0.143;172.16.0.10;;;65521;53;;;eth:ethertype:ip:udp:dns;91;;;WYN10-RIDEORDIE.rydeordie.audio;
1677549322.801076000;172.16.0.143;224.0.0.252;;;56921;5355;;;eth:ethertype:ip:udp:llmnr;75;;;WYN10-RIDEORDIE;
1677549322.801210000;172.16.0.10;172.16.0.143;;;53;65521;;;eth:ethertype:ip:udp:dns;170;;;WYN10-RIDEORDIE.rydeordie.audio;
1677549322.801664000;172.16.0.143;172.16.0.10;;;52298;53;;;eth:ethertype:ip:udp:dns;158;;;rydeordie.audio;
1677549322.802513000;172.16.0.10;172.16.0.143;;;53;52298;;;eth:ethertype:ip:udp:dns;158;;;rydeordie.audio;
1677549325.802694000;172.16.0.143;239.255.255.250;;;51185;1900;239.255.255.250:1900;;eth:ethertype:ip:udp:ssdp;179;M-SEARCH;;;
1677549328.809936000;172.16.0.143;239.255.255.250;;;51185;1900;239.255.255.250:1900;;eth:ethertype:ip:udp:ssdp;179;M-SEARCH;;;
1677549331.819680000;172.16.0.143;239.255.255.250;;;51185;1900;239.255.255.250:1900;;eth:ethertype:ip:udp:ssdp;179;M-SEARCH;;;
1677549334.827252000;172.16.0.143;239.255.255.250;;;51185;1900;239.255.255.250:1900;;eth:ethertype:ip:udp:ssdp;179;M-SEARCH;;;
1677549337.842427000;172.16.0.143;239.255.255.250;;;51185;1900;239.255.255.250:1900;;eth:ethertype:ip:udp:ssdp;179;M-SEARCH;;;
1677549366.527205000;172.16.0.143;172.16.0.10;;;56675;53;;;eth:ethertype:ip:udp:dns;72;;;linkedin.com;
1677549366.582400000;172.16.0.10;172.16.0.143;;;53;56675;;;eth:ethertype:ip:udp:dns;88;;;linkedin.com;
1677549366.703700000;172.16.0.143;13.107.42.14;52563;443;;;;linkedin.com;eth:ethertype:ip:tcp:tls;233;;;;0x0018
1677549367.231060000;172.16.0.143;172.16.0.10;;;56434;53;;;eth:ethertype:ip:udp:dns;76;;;www.linkedin.com;
1677549367.295051000;172.16.0.10;172.16.0.143;;;53;56434;;;eth:ethertype:ip:udp:dns;156;;;www.linkedin.com;
1677549367.416752000;172.16.0.143;13.107.42.14;52564;443;;;;www.linkedin.com;eth:ethertype:ip:tcp:tls;237;;;;0x0018
1677549554.995201000;172.16.0.143;172.16.0.10;;;54928;53;;;eth:ethertype:ip:udp:dns;73;;;microsoft.com;
1677549555.033129000;172.16.0.10;172.16.0.143;;;53;54928;;;eth:ethertype:ip:udp:dns;153;;;microsoft.com;
1677549555.302416000;172.16.0.143;20.112.52.29;52567;443;;;;microsoft.com;eth:ethertype:ip:tcp:tls;234;;;;0x0018
1677549556.171312000;172.16.0.143;172.16.0.10;;;58484;53;;;eth:ethertype:ip:udp:dns;77;;;www.microsoft.com;
1677549556.245318000;172.16.0.10;172.16.0.143;;;53;58484;;;eth:ethertype:ip:udp:dns;244;;;www.microsoft.com;
1677549556.367623000;172.16.0.143;23.43.32.148;52568;443;;;;www.microsoft.com;eth:ethertype:ip:tcp:tls;238;;;;0x0018
1677549747.676272000;172.16.0.143;54.68.22.26;52570;443;;;;broadcom.com;eth:ethertype:ip:tcp:tls;265;;;;0x0018
1677549748.564984000;172.16.0.143;172.16.0.10;;;51060;53;;;eth:ethertype:ip:udp:dns;76;;;www.broadcom.com;
1677549748.639806000;172.16.0.10;172.16.0.143;;;53;51060;;;eth:ethertype:ip:udp:dns;175;;;www.broadcom.com;
1677549748.760097000;172.16.0.143;104.18.32.150;52571;443;;;;www.broadcom.com;eth:ethertype:ip:tcp:tls;429;;;;0x0018
1677549879.788597000;172.16.0.143;172.16.0.10;;;55069;53;;;eth:ethertype:ip:udp:dns;80;;;wpad.rydeordie.audio;
1677549879.788838000;172.16.0.10;172.16.0.143;;;53;55069;;;eth:ethertype:ip:udp:dns;158;;;wpad.rydeordie.audio;
1677549879.789024000;172.16.0.143;172.16.0.10;;;55368;53;;;eth:ethertype:ip:udp:dns;76;;;wpad.localdomain;
1677549879.917300000;172.16.0.10;172.16.0.143;;;53;55368;;;eth:ethertype:ip:udp:dns;151;;;wpad.localdomain;
1677549939.915124000;172.16.0.143;172.16.0.10;;;62644;53;;;eth:ethertype:ip:udp:dns;69;;;yahoo.com;
1677549939.981978000;172.16.0.10;172.16.0.143;;;53;62644;;;eth:ethertype:ip:udp:dns;165;;;yahoo.com;
1677549940.206094000;172.16.0.143;74.6.231.21;52573;443;;;;yahoo.com;eth:ethertype:ip:tcp:tls;230;;;;0x0018
1677549940.949049000;172.16.0.143;172.16.0.10;;;55558;53;;;eth:ethertype:ip:udp:dns;73;;;www.yahoo.com;
1677549941.011095000;172.16.0.10;172.16.0.143;;;53;55558;;;eth:ethertype:ip:udp:dns;137;;;www.yahoo.com;
1677549941.155528000;172.16.0.143;87.248.100.215;52574;443;;;;www.yahoo.com;eth:ethertype:ip:tcp:tls;234;;;;0x0018
1677550028.744479000;172.16.0.143;172.16.0.10;;;55784;53;;;eth:ethertype:ip:udp:dns;85;;;clients.config.office.net;
1677550028.803819000;172.16.0.143;172.16.0.10;;;55784;53;;;eth:ethertype:ip:udp:dns;85;;;clients.config.office.net;
1677550028.895436000;172.16.0.10;172.16.0.143;;;53;55784;;;eth:ethertype:ip:udp:dns;166;;;clients.config.office.net;
1677550029.023051000;172.16.0.143;20.90.202.62;52578;443;;;;clients.config.office.net;eth:ethertype:ip:tcp:tls;264;;;;0x0018
1677550128.490461000;172.16.0.143;142.250.178.14;52579;443;;;;google.com;eth:ethertype:ip:tcp:tls;460;;;;0x0018
1677550129.215750000;172.16.0.143;142.250.178.4;52580;443;;;;www.google.com;eth:ethertype:ip:tcp:tls;464;;;;0x0018
1677550222.818168000;172.16.0.143;239.255.255.250;;;51185;1900;239.255.255.250:1900;;eth:ethertype:ip:udp:ssdp;179;M-SEARCH;;;
1677550222.818844000;172.16.0.143;172.16.0.10;;;57368;53;;;eth:ethertype:ip:udp:dns;91;;;WYN10-RIDEORDIE.rydeordie.audio;
1677550222.819031000;172.16.0.143;224.0.0.252;;;54996;5355;;;eth:ethertype:ip:udp:llmnr;75;;;WYN10-RIDEORDIE;
1677550222.819153000;172.16.0.10;172.16.0.143;;;53;57368;;;eth:ethertype:ip:udp:dns;170;;;WYN10-RIDEORDIE.rydeordie.audio;
1677550222.819621000;172.16.0.143;172.16.0.10;;;62757;53;;;eth:ethertype:ip:udp:dns;158;;;rydeordie.audio;
1677550222.821445000;172.16.0.10;172.16.0.143;;;53;62757;;;eth:ethertype:ip:udp:dns;158;;;rydeordie.audio;
1677550225.826309000;172.16.0.143;239.255.255.250;;;51185;1900;239.255.255.250:1900;;eth:ethertype:ip:udp:ssdp;179;M-SEARCH;;;
1677550228.832240000;172.16.0.143;239.255.255.250;;;51185;1900;239.255.255.250:1900;;eth:ethertype:ip:udp:ssdp;179;M-SEARCH;;;
1677550231.842489000;172.16.0.143;239.255.255.250;;;51185;1900;239.255.255.250:1900;;eth:ethertype:ip:udp:ssdp;179;M-SEARCH;;;
1677550234.857619000;172.16.0.143;239.255.255.250;;;51185;1900;239.255.255.250:1900;;eth:ethertype:ip:udp:ssdp;179;M-SEARCH;;;
1677550237.859891000;172.16.0.143;239.255.255.250;;;51185;1900;239.255.255.250:1900;;eth:ethertype:ip:udp:ssdp;179;M-SEARCH;;;
1677550284.626566000;172.16.0.143;172.16.0.10;;;53004;53;;;eth:ethertype:ip:udp:dns;91;;;WIN-PL5VGYU6KMT.rydeordie.audio;
1677550284.626790000;172.16.0.10;172.16.0.143;;;53;53004;;;eth:ethertype:ip:udp:dns;107;;;WIN-PL5VGYU6KMT.rydeordie.audio;
1677550321.070084000;172.16.0.143;152.216.7.110;52585;443;;;;irs.gov;eth:ethertype:ip:tcp:tls;260;;;;0x0018
1677550321.931441000;172.16.0.143;104.78.188.220;52586;443;;;;www.irs.gov;eth:ethertype:ip:tcp:tls;232;;;;0x0018
1677550479.913761000;172.16.0.143;172.16.0.10;;;53053;53;;;eth:ethertype:ip:udp:dns;80;;;wpad.rydeordie.audio;
1677550479.914086000;172.16.0.10;172.16.0.143;;;53;53053;;;eth:ethertype:ip:udp:dns;158;;;wpad.rydeordie.audio;
1677550479.914293000;172.16.0.143;172.16.0.10;;;50954;53;;;eth:ethertype:ip:udp:dns;76;;;wpad.localdomain;
1677550479.914391000;172.16.0.10;172.16.0.143;;;53;50954;;;eth:ethertype:ip:udp:dns;151;;;wpad.localdomain;
1677550509.479173000;172.16.0.143;68.87.41.40;52588;443;;;;xfinity.com;eth:ethertype:ip:tcp:tls;232;;;;0x0018
1677550510.256996000;172.16.0.143;172.16.0.10;;;51893;53;;;eth:ethertype:ip:udp:dns;75;;;www.xfinity.com;
1677550510.322369000;172.16.0.10;172.16.0.143;;;53;51893;;;eth:ethertype:ip:udp:dns;169;;;www.xfinity.com;
1677550510.449922000;172.16.0.143;23.64.36.253;52589;443;;;;www.xfinity.com;eth:ethertype:ip:tcp:tls;236;;;;0x0018
1677550513.226955000;172.16.0.143;68.87.41.40;52590;443;;;;xfinity.com;eth:ethertype:ip:tcp:tls;232;;;;0x0018
1677550514.062838000;172.16.0.143;23.64.36.253;52591;443;;;;www.xfinity.com;eth:ethertype:ip:tcp:tls;236;;;;0x0018
1677550514.710992000;172.16.0.143;13.107.42.14;52592;443;;;;linkedin.com;eth:ethertype:ip:tcp:tls;541;;;;0x0018
1677550515.326784000;172.16.0.143;13.107.42.14;52593;443;;;;www.linkedin.com;eth:ethertype:ip:tcp:tls;545;;;;0x0018
1677550701.942668000;172.16.0.143;54.68.22.26;52595;443;;;;broadcom.com;eth:ethertype:ip:tcp:tls;265;;;;0x0018
1677550702.891350000;172.16.0.143;104.18.32.150;52596;443;;;;www.broadcom.com;eth:ethertype:ip:tcp:tls;429;;;;0x0018
1677550791.614916000;172.16.0.143;172.16.0.10;;;62027;53;;;eth:ethertype:ip:udp:dns;127;;;_ldap._tcp.Default-First-Site-Name._sites.dc._msdcs.rydeordie.audio;
1677550791.615229000;172.16.0.10;172.16.0.143;;;53;62027;;;eth:ethertype:ip:udp:dns;194;;;_ldap._tcp.Default-First-Site-Name._sites.dc._msdcs.rydeordie.audio;
1677550890.318229000;172.16.0.143;54.68.22.26;52603;443;;;;broadcom.com;eth:ethertype:ip:tcp:tls;265;;;;0x0018
1677550891.271317000;172.16.0.143;104.18.32.150;52604;443;;;;www.broadcom.com;eth:ethertype:ip:tcp:tls;429;;;;0x0018
1677550929.687449000;172.16.0.143;172.16.0.10;;;51085;53;;;eth:ethertype:ip:udp:dns;89;;;v10.events.data.microsoft.com;
1677550929.759291000;172.16.0.10;172.16.0.143;;;53;51085;;;eth:ethertype:ip:udp:dns;230;;;v10.events.data.microsoft.com;
1677550929.895175000;172.16.0.143;13.69.116.104;52606;443;;;;v10.events.data.microsoft.com;eth:ethertype:ip:tcp:tls;268;;;;0x0018
1677551079.928398000;172.16.0.143;172.16.0.10;;;50925;53;;;eth:ethertype:ip:udp:dns;80;;;wpad.rydeordie.audio;
1677551079.928670000;172.16.0.10;172.16.0.143;;;53;50925;;;eth:ethertype:ip:udp:dns;158;;;wpad.rydeordie.audio;
1677551079.928868000;172.16.0.143;172.16.0.10;;;50411;53;;;eth:ethertype:ip:udp:dns;76;;;wpad.localdomain;
1677551080.057147000;172.16.0.10;172.16.0.143;;;53;50411;;;eth:ethertype:ip:udp:dns;151;;;wpad.localdomain;
1677551082.734543000;172.16.0.143;20.112.52.29;52607;443;;;;microsoft.com;eth:ethertype:ip:tcp:tls;394;;;;0x0018
1677551083.668418000;172.16.0.143;23.43.32.148;52608;443;;;;www.microsoft.com;eth:ethertype:ip:tcp:tls;238;;;;0x0018
1677551122.831190000;172.16.0.143;239.255.255.250;;;51185;1900;239.255.255.250:1900;;eth:ethertype:ip:udp:ssdp;179;M-SEARCH;;;
1677551122.831924000;172.16.0.143;172.16.0.10;;;64289;53;;;eth:ethertype:ip:udp:dns;91;;;WYN10-RIDEORDIE.rydeordie.audio;
1677551122.832257000;172.16.0.10;172.16.0.143;;;53;64289;;;eth:ethertype:ip:udp:dns;170;;;WYN10-RIDEORDIE.rydeordie.audio;
1677551122.832345000;172.16.0.143;224.0.0.252;;;61147;5355;;;eth:ethertype:ip:udp:llmnr;75;;;WYN10-RIDEORDIE;
1677551122.832868000;172.16.0.143;172.16.0.10;;;58954;53;;;eth:ethertype:ip:udp:dns;158;;;rydeordie.audio;
1677551122.833525000;172.16.0.10;172.16.0.143;;;53;58954;;;eth:ethertype:ip:udp:dns;158;;;rydeordie.audio;
1677551125.830424000;172.16.0.143;239.255.255.250;;;51185;1900;239.255.255.250:1900;;eth:ethertype:ip:udp:ssdp;179;M-SEARCH;;;
1677551128.833654000;172.16.0.143;239.255.255.250;;;51185;1900;239.255.255.250:1900;;eth:ethertype:ip:udp:ssdp;179;M-SEARCH;;;
1677551131.848950000;172.16.0.143;239.255.255.250;;;51185;1900;239.255.255.250:1900;;eth:ethertype:ip:udp:ssdp;179;M-SEARCH;;;
1677551134.851608000;172.16.0.143;239.255.255.250;;;51185;1900;239.255.255.250:1900;;eth:ethertype:ip:udp:ssdp;179;M-SEARCH;;;
1677551137.854314000;172.16.0.143;239.255.255.250;;;51185;1900;239.255.255.250:1900;;eth:ethertype:ip:udp:ssdp;179;M-SEARCH;;;
1677551274.958587000;172.16.0.143;172.16.0.10;;;64334;53;;;eth:ethertype:ip:udp:dns;70;;;oracle.com;
1677551275.013720000;172.16.0.10;172.16.0.143;;;53;64334;;;eth:ethertype:ip:udp:dns;86;;;oracle.com;
1677551275.267553000;172.16.0.143;138.1.33.162;52611;443;;;;oracle.com;eth:ethertype:ip:tcp:tls;231;;;;0x0018
1677551276.103962000;172.16.0.143;172.16.0.10;;;60113;53;;;eth:ethertype:ip:udp:dns;74;;;www.oracle.com;
1677551276.196472000;172.16.0.10;172.16.0.143;;;53;60113;;;eth:ethertype:ip:udp:dns;169;;;www.oracle.com;
1677551276.324552000;172.16.0.143;23.64.29.61;52612;443;;;;www.oracle.com;eth:ethertype:ip:tcp:tls;235;;;;0x0018
1677551463.319417000;172.16.0.143;172.16.0.10;;;59998;53;;;eth:ethertype:ip:udp:dns;70;;;google.com;
1677551463.384848000;172.16.0.10;172.16.0.143;;;53;59998;;;eth:ethertype:ip:udp:dns;86;;;google.com;
1677551463.512715000;172.16.0.143;142.250.178.14;52614;443;;;;google.com;eth:ethertype:ip:tcp:tls;460;;;;0x0018
1677551463.983513000;172.16.0.143;172.16.0.10;;;58746;53;;;eth:ethertype:ip:udp:dns;74;;;www.google.com;
1677551464.061776000;172.16.0.10;172.16.0.143;;;53;58746;;;eth:ethertype:ip:udp:dns;90;;;www.google.com;
1677551464.189963000;172.16.0.143;142.250.178.4;52615;443;;;;www.google.com;eth:ethertype:ip:tcp:tls;464;;;;0x0018
1677551655.842685000;172.16.0.143;68.87.41.40;52618;443;;;;xfinity.com;eth:ethertype:ip:tcp:tls;232;;;;0x0018
1677551656.681267000;172.16.0.143;23.64.36.253;52619;443;;;;www.xfinity.com;eth:ethertype:ip:tcp:tls;236;;;;0x0018
1677551659.442721000;172.16.0.143;68.87.41.40;52620;443;;;;xfinity.com;eth:ethertype:ip:tcp:tls;232;;;;0x0018
1677551660.277471000;172.16.0.143;23.64.36.253;52621;443;;;;www.xfinity.com;eth:ethertype:ip:tcp:tls;236;;;;0x0018
1677551661.627861000;172.16.0.143;172.16.0.10;;;63295;53;;;eth:ethertype:ip:udp:dns;72;;;linkedin.com;
1677551661.693522000;172.16.0.10;172.16.0.143;;;53;63295;;;eth:ethertype:ip:udp:dns;88;;;linkedin.com;
1677551661.814600000;172.16.0.143;13.107.42.14;52622;443;;;;linkedin.com;eth:ethertype:ip:tcp:tls;541;;;;0x0018
1677551662.378436000;172.16.0.143;172.16.0.10;;;64969;53;;;eth:ethertype:ip:udp:dns;76;;;www.linkedin.com;
1677551662.438963000;172.16.0.10;172.16.0.143;;;53;64969;;;eth:ethertype:ip:udp:dns;156;;;www.linkedin.com;
1677551662.559704000;172.16.0.143;13.107.42.14;52623;443;;;;www.linkedin.com;eth:ethertype:ip:tcp:tls;545;;;;0x0018
1677551680.065805000;172.16.0.143;172.16.0.10;;;52613;53;;;eth:ethertype:ip:udp:dns;80;;;wpad.rydeordie.audio;
1677551680.066078000;172.16.0.10;172.16.0.143;;;53;52613;;;eth:ethertype:ip:udp:dns;158;;;wpad.rydeordie.audio;
1677551680.066279000;172.16.0.143;172.16.0.10;;;60147;53;;;eth:ethertype:ip:udp:dns;76;;;wpad.localdomain;
1677551680.066369000;172.16.0.10;172.16.0.143;;;53;60147;;;eth:ethertype:ip:udp:dns;151;;;wpad.localdomain;
1677551844.110248000;172.16.0.143;13.107.42.14;52625;443;;;;linkedin.com;eth:ethertype:ip:tcp:tls;541;;;;0x0018
1677551844.725953000;172.16.0.143;13.107.42.14;52626;443;;;;www.linkedin.com;eth:ethertype:ip:tcp:tls;545;;;;0x0018
1677552022.852031000;172.16.0.143;239.255.255.250;;;51185;1900;239.255.255.250:1900;;eth:ethertype:ip:udp:ssdp;179;M-SEARCH;;;
1677552022.853052000;172.16.0.143;172.16.0.10;;;53084;53;;;eth:ethertype:ip:udp:dns;91;;;WYN10-RIDEORDIE.rydeordie.audio;
1677552022.853207000;172.16.0.143;224.0.0.252;;;64203;5355;;;eth:ethertype:ip:udp:llmnr;75;;;WYN10-RIDEORDIE;
1677552022.853974000;172.16.0.10;172.16.0.143;;;53;53084;;;eth:ethertype:ip:udp:dns;170;;;WYN10-RIDEORDIE.rydeordie.audio;
1677552022.854445000;172.16.0.143;172.16.0.10;;;58540;53;;;eth:ethertype:ip:udp:dns;158;;;rydeordie.audio;
1677552022.855223000;172.16.0.10;172.16.0.143;;;53;58540;;;eth:ethertype:ip:udp:dns;158;;;rydeordie.audio;
1677552025.854187000;172.16.0.143;239.255.255.250;;;51185;1900;239.255.255.250:1900;;eth:ethertype:ip:udp:ssdp;179;M-SEARCH;;;
1677552028.867327000;172.16.0.143;239.255.255.250;;;51185;1900;239.255.255.250:1900;;eth:ethertype:ip:udp:ssdp;179;M-SEARCH;;;
1677552031.880621000;172.16.0.143;239.255.255.250;;;51185;1900;239.255.255.250:1900;;eth:ethertype:ip:udp:ssdp;179;M-SEARCH;;;
1677552034.886605000;172.16.0.143;239.255.255.250;;;51185;1900;239.255.255.250:1900;;eth:ethertype:ip:udp:ssdp;179;M-SEARCH;;;
1677552036.480488000;172.16.0.143;172.16.0.10;;;55914;53;;;eth:ethertype:ip:udp:dns;72;;;broadcom.com;
1677552036.532725000;172.16.0.10;172.16.0.143;;;53;55914;;;eth:ethertype:ip:udp:dns;120;;;broadcom.com;
1677552036.808211000;172.16.0.143;54.68.22.26;52628;443;;;;broadcom.com;eth:ethertype:ip:tcp:tls;265;;;;0x0018
1677552037.709517000;172.16.0.143;172.16.0.10;;;52220;53;;;eth:ethertype:ip:udp:dns;76;;;www.broadcom.com;
1677552037.769943000;172.16.0.10;172.16.0.143;;;53;52220;;;eth:ethertype:ip:udp:dns;175;;;www.broadcom.com;
1677552037.893882000;172.16.0.143;239.255.255.250;;;51185;1900;239.255.255.250:1900;;eth:ethertype:ip:udp:ssdp;179;M-SEARCH;;;
1677552037.894079000;172.16.0.143;172.64.155.106;52629;443;;;;www.broadcom.com;eth:ethertype:ip:tcp:tls;429;;;;0x0018
1677552147.066130000;172.16.0.143;172.16.0.10;;;63064;53;;;eth:ethertype:ip:udp:dns;91;;;WIN-PL5VGYU6KMT.rydeordie.audio;
1677552147.066304000;172.16.0.10;172.16.0.143;;;53;63064;;;eth:ethertype:ip:udp:dns;107;;;WIN-PL5VGYU6KMT.rydeordie.audio;
1677552228.977756000;172.16.0.143;13.107.42.14;52637;443;;;;linkedin.com;eth:ethertype:ip:tcp:tls;541;;;;0x0018
1677552229.597606000;172.16.0.143;13.107.42.14;52638;443;;;;www.linkedin.com;eth:ethertype:ip:tcp:tls;545;;;;0x0018
1677552280.074043000;172.16.0.143;172.16.0.10;;;64496;53;;;eth:ethertype:ip:udp:dns;80;;;wpad.rydeordie.audio;
1677552280.074370000;172.16.0.10;172.16.0.143;;;53;64496;;;eth:ethertype:ip:udp:dns;158;;;wpad.rydeordie.audio;
1677552280.074562000;172.16.0.143;172.16.0.10;;;59226;53;;;eth:ethertype:ip:udp:dns;76;;;wpad.localdomain;
1677552280.203786000;172.16.0.10;172.16.0.143;;;53;59226;;;eth:ethertype:ip:udp:dns;151;;;wpad.localdomain;
1677552417.388188000;172.16.0.143;142.250.178.14;52640;443;;;;google.com;eth:ethertype:ip:tcp:tls;460;;;;0x0018
1677552417.925186000;172.16.0.143;142.250.178.4;52641;443;;;;www.google.com;eth:ethertype:ip:tcp:tls;464;;;;0x0018
1677552609.975329000;172.16.0.143;54.68.22.26;52644;443;;;;broadcom.com;eth:ethertype:ip:tcp:tls;265;;;;0x0018
1677552610.927231000;172.16.0.143;172.64.155.106;52645;443;;;;www.broadcom.com;eth:ethertype:ip:tcp:tls;429;;;;0x0018
1677552729.733174000;172.16.0.143;172.16.0.10;;;57328;53;;;eth:ethertype:ip:udp:dns;89;;;v10.events.data.microsoft.com;
1677552729.791103000;172.16.0.10;172.16.0.143;;;53;57328;;;eth:ethertype:ip:udp:dns;226;;;v10.events.data.microsoft.com;
1677552729.994625000;172.16.0.143;52.168.112.67;52653;443;;;;v10.events.data.microsoft.com;eth:ethertype:ip:tcp:tls;268;;;;0x0018
1677552798.375675000;172.16.0.143;138.1.33.162;52654;443;;;;oracle.com;eth:ethertype:ip:tcp:tls;231;;;;0x0018
1677552799.277585000;172.16.0.143;23.64.29.61;52655;443;;;;www.oracle.com;eth:ethertype:ip:tcp:tls;235;;;;0x0018
1677552880.217624000;172.16.0.143;172.16.0.10;;;61323;53;;;eth:ethertype:ip:udp:dns;80;;;wpad.rydeordie.audio;
1677552880.217880000;172.16.0.10;172.16.0.143;;;53;61323;;;eth:ethertype:ip:udp:dns;158;;;wpad.rydeordie.audio;
1677552880.218063000;172.16.0.143;172.16.0.10;;;65223;53;;;eth:ethertype:ip:udp:dns;76;;;wpad.localdomain;
1677552880.218146000;172.16.0.10;172.16.0.143;;;53;65223;;;eth:ethertype:ip:udp:dns;151;;;wpad.localdomain;
1677552922.853048000;172.16.0.143;239.255.255.250;;;51185;1900;239.255.255.250:1900;;eth:ethertype:ip:udp:ssdp;179;M-SEARCH;;;
1677552922.853759000;172.16.0.143;172.16.0.10;;;53130;53;;;eth:ethertype:ip:udp:dns;91;;;WYN10-RIDEORDIE.rydeordie.audio;
1677552922.854065000;172.16.0.10;172.16.0.143;;;53;53130;;;eth:ethertype:ip:udp:dns;170;;;WYN10-RIDEORDIE.rydeordie.audio;
1677552922.854191000;172.16.0.143;224.0.0.252;;;59409;5355;;;eth:ethertype:ip:udp:llmnr;75;;;WYN10-RIDEORDIE;
1677552922.854669000;172.16.0.143;172.16.0.10;;;59205;53;;;eth:ethertype:ip:udp:dns;158;;;rydeordie.audio;
1677552922.855298000;172.16.0.10;172.16.0.143;;;53;59205;;;eth:ethertype:ip:udp:dns;158;;;rydeordie.audio;
1677552925.850594000;172.16.0.143;239.255.255.250;;;51185;1900;239.255.255.250:1900;;eth:ethertype:ip:udp:ssdp;179;M-SEARCH;;;
1677552928.856411000;172.16.0.143;239.255.255.250;;;51185;1900;239.255.255.250:1900;;eth:ethertype:ip:udp:ssdp;179;M-SEARCH;;;
1677552931.871684000;172.16.0.143;239.255.255.250;;;51185;1900;239.255.255.250:1900;;eth:ethertype:ip:udp:ssdp;179;M-SEARCH;;;
1677552934.884543000;172.16.0.143;239.255.255.250;;;51185;1900;239.255.255.250:1900;;eth:ethertype:ip:udp:ssdp;179;M-SEARCH;;;
1677552937.890762000;172.16.0.143;239.255.255.250;;;51185;1900;239.255.255.250:1900;;eth:ethertype:ip:udp:ssdp;179;M-SEARCH;;;
1677552990.704359000;172.16.0.143;142.250.178.14;52658;443;;;;google.com;eth:ethertype:ip:tcp:tls;460;;;;0x0018
1677552991.244168000;172.16.0.143;142.250.178.4;52659;443;;;;www.google.com;eth:ethertype:ip:tcp:tls;464;;;;0x0018
1677552991.786996000;172.16.0.143;172.217.169.78;52660;443;;;;consent.google.com;eth:ethertype:ip:tcp:tls;468;;;;0x0018
1677553179.083914000;172.16.0.143;172.16.0.10;;;49517;53;;;eth:ethertype:ip:udp:dns;69;;;cisco.com;
1677553179.137382000;172.16.0.10;172.16.0.143;;;53;49517;;;eth:ethertype:ip:udp:dns;85;;;cisco.com;
1677553179.378613000;172.16.0.143;72.163.4.185;52662;443;;;;cisco.com;eth:ethertype:ip:tcp:tls;230;;;;0x0018
1677553180.148075000;172.16.0.143;172.16.0.10;;;58764;53;;;eth:ethertype:ip:udp:dns;73;;;www.cisco.com;
1677553180.243393000;172.16.0.10;172.16.0.143;;;53;58764;;;eth:ethertype:ip:udp:dns;255;;;www.cisco.com;
1677553180.371702000;172.16.0.143;2.22.15.111;52663;443;;;;www.cisco.com;eth:ethertype:ip:tcp:tls;234;;;;0x0018
1677553256.688403000;172.16.0.143;172.16.0.10;;;59413;53;;;eth:ethertype:ip:udp:dns;89;;;v10.events.data.microsoft.com;
1677553256.745019000;172.16.0.10;172.16.0.143;;;53;59413;;;eth:ethertype:ip:udp:dns;227;;;v10.events.data.microsoft.com;
1677553256.872775000;172.16.0.143;51.105.71.137;52666;443;;;;v10.events.data.microsoft.com;eth:ethertype:ip:tcp:tls;268;;;;0x0018
1677553274.971522000;172.16.0.143;172.16.0.10;;;63514;53;;;eth:ethertype:ip:udp:dns;89;;;v10.events.data.microsoft.com;
1677553275.035064000;172.16.0.10;172.16.0.143;;;53;63514;;;eth:ethertype:ip:udp:dns;227;;;v10.events.data.microsoft.com;
1677553275.163603000;172.16.0.143;51.105.71.137;52669;443;;;;v10.events.data.microsoft.com;eth:ethertype:ip:tcp:tls;268;;;;0x0018
1677553278.239971000;172.16.0.143;51.105.71.137;52670;443;;;;v10.events.data.microsoft.com;eth:ethertype:ip:tcp:tls;268;;;;0x0018
1677553285.972170000;172.16.0.143;172.16.0.10;;;60297;53;;;eth:ethertype:ip:udp:dns;91;;;settings-win.data.microsoft.com;
1677553286.041600000;172.16.0.10;172.16.0.143;;;53;60297;;;eth:ethertype:ip:udp:dns;221;;;settings-win.data.microsoft.com;
1677553286.173922000;172.16.0.143;20.49.150.241;52671;443;;;;settings-win.data.microsoft.com;eth:ethertype:ip:tcp:tls;270;;;;0x0018
1677553287.082437000;172.16.0.143;20.49.150.241;52672;443;;;;settings-win.data.microsoft.com;eth:ethertype:ip:tcp:tls;270;;;;0x0018
1677553371.486315000;172.16.0.143;172.16.0.10;;;51975;53;;;eth:ethertype:ip:udp:dns;72;;;verisign.com;
1677553371.538886000;172.16.0.10;172.16.0.143;;;53;51975;;;eth:ethertype:ip:udp:dns;104;;;verisign.com;
1677553371.749438000;172.16.0.143;209.131.162.45;52674;443;;;;verisign.com;eth:ethertype:ip:tcp:tls;233;;;;0x0018
1677553372.456144000;172.16.0.143;172.16.0.10;;;59651;53;;;eth:ethertype:ip:udp:dns;76;;;www.verisign.com;
1677553372.520137000;172.16.0.10;172.16.0.143;;;53;59651;;;eth:ethertype:ip:udp:dns;92;;;www.verisign.com;
1677553372.739073000;172.16.0.143;69.58.187.40;52675;443;;;;www.verisign.com;eth:ethertype:ip:tcp:tls;237;;;;0x0018
1677553480.227280000;172.16.0.143;172.16.0.10;;;57473;53;;;eth:ethertype:ip:udp:dns;80;;;wpad.rydeordie.audio;
1677553480.227516000;172.16.0.10;172.16.0.143;;;53;57473;;;eth:ethertype:ip:udp:dns;158;;;wpad.rydeordie.audio;
1677553480.227724000;172.16.0.143;172.16.0.10;;;61057;53;;;eth:ethertype:ip:udp:dns;76;;;wpad.localdomain;
1677553480.359970000;172.16.0.10;172.16.0.143;;;53;61057;;;eth:ethertype:ip:udp:dns;151;;;wpad.localdomain;
1677553564.013292000;172.16.0.143;68.87.41.40;52677;443;;;;xfinity.com;eth:ethertype:ip:tcp:tls;232;;;;0x0018
1677553564.802725000;172.16.0.143;172.16.0.10;;;49401;53;;;eth:ethertype:ip:udp:dns;75;;;www.xfinity.com;
1677553564.872877000;172.16.0.10;172.16.0.143;;;53;49401;;;eth:ethertype:ip:udp:dns;169;;;www.xfinity.com;
1677553565.001848000;172.16.0.143;23.64.36.253;52678;443;;;;www.xfinity.com;eth:ethertype:ip:tcp:tls;236;;;;0x0018
1677553567.934168000;172.16.0.143;68.87.41.40;52679;443;;;;xfinity.com;eth:ethertype:ip:tcp:tls;232;;;;0x0018
1677553568.774395000;172.16.0.143;23.64.36.253;52680;443;;;;www.xfinity.com;eth:ethertype:ip:tcp:tls;236;;;;0x0018
1677553569.356764000;172.16.0.143;172.16.0.10;;;60499;53;;;eth:ethertype:ip:udp:dns;70;;;oracle.com;
1677553569.422277000;172.16.0.10;172.16.0.143;;;53;60499;;;eth:ethertype:ip:udp:dns;86;;;oracle.com;
1677553569.676847000;172.16.0.143;138.1.33.162;52681;443;;;;oracle.com;eth:ethertype:ip:tcp:tls;231;;;;0x0018
1677553570.514664000;172.16.0.143;172.16.0.10;;;56070;53;;;eth:ethertype:ip:udp:dns;74;;;www.oracle.com;
1677553570.577257000;172.16.0.10;172.16.0.143;;;53;56070;;;eth:ethertype:ip:udp:dns;169;;;www.oracle.com;
1677553570.704758000;172.16.0.143;23.64.29.61;52682;443;;;;www.oracle.com;eth:ethertype:ip:tcp:tls;235;;;;0x0018
1677553752.456748000;172.16.0.143;72.163.4.185;52689;443;;;;cisco.com;eth:ethertype:ip:tcp:tls;230;;;;0x0018
1677553753.280027000;172.16.0.143;2.22.15.111;52690;443;;;;www.cisco.com;eth:ethertype:ip:tcp:tls;234;;;;0x0018
1677553822.860461000;172.16.0.143;239.255.255.250;;;51185;1900;239.255.255.250:1900;;eth:ethertype:ip:udp:ssdp;179;M-SEARCH;;;
1677553822.861587000;172.16.0.143;172.16.0.10;;;52055;53;;;eth:ethertype:ip:udp:dns;91;;;WYN10-RIDEORDIE.rydeordie.audio;
1677553822.861910000;172.16.0.143;224.0.0.252;;;60337;5355;;;eth:ethertype:ip:udp:llmnr;75;;;WYN10-RIDEORDIE;
1677553822.862581000;172.16.0.10;172.16.0.143;;;53;52055;;;eth:ethertype:ip:udp:dns;170;;;WYN10-RIDEORDIE.rydeordie.audio;
1677553822.863035000;172.16.0.143;172.16.0.10;;;51946;53;;;eth:ethertype:ip:udp:dns;158;;;rydeordie.audio;
1677553822.863841000;172.16.0.10;172.16.0.143;;;53;51946;;;eth:ethertype:ip:udp:dns;158;;;rydeordie.audio;
1677553825.872834000;172.16.0.143;239.255.255.250;;;51185;1900;239.255.255.250:1900;;eth:ethertype:ip:udp:ssdp;179;M-SEARCH;;;
1677553828.879636000;172.16.0.143;239.255.255.250;;;51185;1900;239.255.255.250:1900;;eth:ethertype:ip:udp:ssdp;179;M-SEARCH;;;
1677553831.881732000;172.16.0.143;239.255.255.250;;;51185;1900;239.255.255.250:1900;;eth:ethertype:ip:udp:ssdp;179;M-SEARCH;;;
1677553834.887642000;172.16.0.143;239.255.255.250;;;51185;1900;239.255.255.250:1900;;eth:ethertype:ip:udp:ssdp;179;M-SEARCH;;;
1677553837.892378000;172.16.0.143;239.255.255.250;;;51185;1900;239.255.255.250:1900;;eth:ethertype:ip:udp:ssdp;179;M-SEARCH;;;
1677553853.037644000;172.16.0.143;172.16.0.10;;;59088;53;;;eth:ethertype:ip:udp:dns;90;;;nexusrules.officeapps.live.com;
1677553853.113515000;172.16.0.10;172.16.0.143;;;53;59088;;;eth:ethertype:ip:udp:dns;155;;;nexusrules.officeapps.live.com;
1677553853.348121000;172.16.0.143;52.109.8.44;52692;443;;;;nexusrules.officeapps.live.com;eth:ethertype:ip:tcp:tls;269;;;;0x0018
1677553884.671565000;172.16.0.143;172.16.0.10;;;51574;53;;;eth:ethertype:ip:udp:dns;91;;;WIN-PL5VGYU6KMT.rydeordie.audio;
1677553884.671809000;172.16.0.10;172.16.0.143;;;53;51574;;;eth:ethertype:ip:udp:dns;107;;;WIN-PL5VGYU6KMT.rydeordie.audio;
1677553944.743860000;172.16.0.143;72.163.4.185;52694;443;;;;cisco.com;eth:ethertype:ip:tcp:tls;230;;;;0x0018
1677553945.566944000;172.16.0.143;2.22.15.111;52695;443;;;;www.cisco.com;eth:ethertype:ip:tcp:tls;234;;;;0x0018
1677554080.363959000;172.16.0.143;172.16.0.10;;;63780;53;;;eth:ethertype:ip:udp:dns;80;;;wpad.rydeordie.audio;
1677554080.364216000;172.16.0.10;172.16.0.143;;;53;63780;;;eth:ethertype:ip:udp:dns;158;;;wpad.rydeordie.audio;
1677554080.364397000;172.16.0.143;172.16.0.10;;;51082;53;;;eth:ethertype:ip:udp:dns;76;;;wpad.localdomain;
1677554080.364532000;172.16.0.10;172.16.0.143;;;53;51082;;;eth:ethertype:ip:udp:dns;151;;;wpad.localdomain;
1677554133.157218000;172.16.0.143;72.163.4.185;52697;443;;;;cisco.com;eth:ethertype:ip:tcp:tls;230;;;;0x0018
1677554133.978758000;172.16.0.143;2.22.15.111;52698;443;;;;www.cisco.com;eth:ethertype:ip:tcp:tls;234;;;;0x0018
1677554155.703441000;172.16.0.143;172.16.0.10;;;65243;53;;;eth:ethertype:ip:udp:dns;89;;;v10.events.data.microsoft.com;
1677554155.760484000;172.16.0.10;172.16.0.143;;;53;65243;;;eth:ethertype:ip:udp:dns;226;;;v10.events.data.microsoft.com;
1677554155.960808000;172.16.0.143;52.168.117.169;52700;443;;;;v10.events.data.microsoft.com;eth:ethertype:ip:tcp:tls;268;;;;0x0018
1677554325.530051000;172.16.0.143;209.131.162.45;52701;443;;;;verisign.com;eth:ethertype:ip:tcp:tls;233;;;;0x0018
1677554326.412283000;172.16.0.143;69.58.187.40;52702;443;;;;www.verisign.com;eth:ethertype:ip:tcp:tls;237;;;;0x0018
1677554391.615170000;172.16.0.143;172.16.0.10;;;53904;53;;;eth:ethertype:ip:udp:dns;127;;;_ldap._tcp.Default-First-Site-Name._sites.dc._msdcs.rydeordie.audio;
1677554391.615547000;172.16.0.10;172.16.0.143;;;53;53904;;;eth:ethertype:ip:udp:dns;194;;;_ldap._tcp.Default-First-Site-Name._sites.dc._msdcs.rydeordie.audio;
1677554518.032731000;172.16.0.143;54.68.22.26;52711;443;;;;broadcom.com;eth:ethertype:ip:tcp:tls;265;;;;0x0018
1677554518.927307000;172.16.0.143;172.16.0.10;;;55930;53;;;eth:ethertype:ip:udp:dns;76;;;www.broadcom.com;
1677554518.997850000;172.16.0.10;172.16.0.143;;;53;55930;;;eth:ethertype:ip:udp:dns;175;;;www.broadcom.com;
1677554519.119574000;172.16.0.143;172.64.155.106;52712;443;;;;www.broadcom.com;eth:ethertype:ip:tcp:tls;429;;;;0x0018
1677554680.369281000;172.16.0.143;172.16.0.10;;;60935;53;;;eth:ethertype:ip:udp:dns;80;;;wpad.rydeordie.audio;
1677554680.369524000;172.16.0.10;172.16.0.143;;;53;60935;;;eth:ethertype:ip:udp:dns;158;;;wpad.rydeordie.audio;
1677554680.369719000;172.16.0.143;172.16.0.10;;;52700;53;;;eth:ethertype:ip:udp:dns;76;;;wpad.localdomain;
1677554680.503146000;172.16.0.10;172.16.0.143;;;53;52700;;;eth:ethertype:ip:udp:dns;151;;;wpad.localdomain;
1677554706.175195000;172.16.0.143;172.16.0.10;;;64937;53;;;eth:ethertype:ip:udp:dns;69;;;yahoo.com;
1677554706.242156000;172.16.0.10;172.16.0.143;;;53;64937;;;eth:ethertype:ip:udp:dns;165;;;yahoo.com;
1677554706.504237000;172.16.0.143;98.137.11.163;52714;443;;;;yahoo.com;eth:ethertype:ip:tcp:tls;438;;;;0x0018
1677554707.393435000;172.16.0.143;172.16.0.10;;;59637;53;;;eth:ethertype:ip:udp:dns;73;;;www.yahoo.com;
1677554707.453957000;172.16.0.10;172.16.0.143;;;53;59637;;;eth:ethertype:ip:udp:dns;121;;;www.yahoo.com;
1677554707.588911000;172.16.0.143;87.248.100.214;52715;443;;;;www.yahoo.com;eth:ethertype:ip:tcp:tls;442;;;;0x0018
1677554722.883389000;172.16.0.143;239.255.255.250;;;51185;1900;239.255.255.250:1900;;eth:ethertype:ip:udp:ssdp;179;M-SEARCH;;;
1677554722.884059000;172.16.0.143;172.16.0.10;;;53046;53;;;eth:ethertype:ip:udp:dns;91;;;WYN10-RIDEORDIE.rydeordie.audio;
1677554722.884241000;172.16.0.143;224.0.0.252;;;58982;5355;;;eth:ethertype:ip:udp:llmnr;75;;;WYN10-RIDEORDIE;
1677554722.885487000;172.16.0.10;172.16.0.143;;;53;53046;;;eth:ethertype:ip:udp:dns;170;;;WYN10-RIDEORDIE.rydeordie.audio;
1677554722.886057000;172.16.0.143;172.16.0.10;;;51676;53;;;eth:ethertype:ip:udp:dns;158;;;rydeordie.audio;
1677554722.886604000;172.16.0.10;172.16.0.143;;;53;51676;;;eth:ethertype:ip:udp:dns;158;;;rydeordie.audio;
1677554725.877951000;172.16.0.143;239.255.255.250;;;51185;1900;239.255.255.250:1900;;eth:ethertype:ip:udp:ssdp;179;M-SEARCH;;;
1677554728.886250000;172.16.0.143;239.255.255.250;;;51185;1900;239.255.255.250:1900;;eth:ethertype:ip:udp:ssdp;179;M-SEARCH;;;
1677554731.913971000;172.16.0.143;239.255.255.250;;;51185;1900;239.255.255.250:1900;;eth:ethertype:ip:udp:ssdp;179;M-SEARCH;;;
1677554734.913177000;172.16.0.143;239.255.255.250;;;51185;1900;239.255.255.250:1900;;eth:ethertype:ip:udp:ssdp;179;M-SEARCH;;;
1677554737.921129000;172.16.0.143;239.255.255.250;;;51185;1900;239.255.255.250:1900;;eth:ethertype:ip:udp:ssdp;179;M-SEARCH;;;
1677554898.662480000;172.16.0.143;172.16.0.10;;;53595;53;;;eth:ethertype:ip:udp:dns;72;;;linkedin.com;
1677554898.734924000;172.16.0.10;172.16.0.143;;;53;53595;;;eth:ethertype:ip:udp:dns;88;;;linkedin.com;
1677554898.856687000;172.16.0.143;13.107.42.14;52719;443;;;;linkedin.com;eth:ethertype:ip:tcp:tls;541;;;;0x0018
1677554899.419864000;172.16.0.143;172.16.0.10;;;54931;53;;;eth:ethertype:ip:udp:dns;76;;;www.linkedin.com;
1677554899.484375000;172.16.0.10;172.16.0.143;;;53;54931;;;eth:ethertype:ip:udp:dns;156;;;www.linkedin.com;
1677554899.612113000;172.16.0.143;13.107.42.14;52720;443;;;;www.linkedin.com;eth:ethertype:ip:tcp:tls;545;;;;0x0018
1677555087.079862000;172.16.0.143;172.16.0.10;;;60473;53;;;eth:ethertype:ip:udp:dns;69;;;cisco.com;
1677555087.145937000;172.16.0.10;172.16.0.143;;;53;60473;;;eth:ethertype:ip:udp:dns;85;;;cisco.com;
1677555087.383375000;172.16.0.143;72.163.4.185;52730;443;;;;cisco.com;eth:ethertype:ip:tcp:tls;230;;;;0x0018
1677555088.157690000;172.16.0.143;172.16.0.10;;;62455;53;;;eth:ethertype:ip:udp:dns;73;;;www.cisco.com;
1677555088.214617000;172.16.0.10;172.16.0.143;;;53;62455;;;eth:ethertype:ip:udp:dns;255;;;www.cisco.com;
1677555088.342699000;172.16.0.143;2.22.15.111;52731;443;;;;www.cisco.com;eth:ethertype:ip:tcp:tls;234;;;;0x0018
1677555185.026161000;172.16.0.143;172.16.0.10;;;63294;53;;;eth:ethertype:ip:udp:dns;91;;;settings-win.data.microsoft.com;
1677555185.100563000;172.16.0.10;172.16.0.143;;;53;63294;;;eth:ethertype:ip:udp:dns;222;;;settings-win.data.microsoft.com;
1677555185.306898000;172.16.0.143;52.167.17.97;52733;443;;;;settings-win.data.microsoft.com;eth:ethertype:ip:tcp:tls;270;;;;0x0018
1677555279.516497000;172.16.0.143;172.16.0.10;;;59304;53;;;eth:ethertype:ip:udp:dns;70;;;google.com;
1677555279.592321000;172.16.0.10;172.16.0.143;;;53;59304;;;eth:ethertype:ip:udp:dns;86;;;google.com;
1677555279.720350000;172.16.0.143;142.250.178.14;52734;443;;;;google.com;eth:ethertype:ip:tcp:tls;460;;;;0x0018
1677555280.207865000;172.16.0.143;172.16.0.10;;;62912;53;;;eth:ethertype:ip:udp:dns;74;;;www.google.com;
1677555280.256220000;172.16.0.10;172.16.0.143;;;53;62912;;;eth:ethertype:ip:udp:dns;90;;;www.google.com;
1677555280.383080000;172.16.0.143;142.250.178.4;52735;443;;;;www.google.com;eth:ethertype:ip:tcp:tls;464;;;;0x0018
1677555280.517312000;172.16.0.143;172.16.0.10;;;63352;53;;;eth:ethertype:ip:udp:dns;80;;;wpad.rydeordie.audio;
1677555280.517526000;172.16.0.10;172.16.0.143;;;53;63352;;;eth:ethertype:ip:udp:dns;158;;;wpad.rydeordie.audio;
1677555280.517959000;172.16.0.143;172.16.0.10;;;53372;53;;;eth:ethertype:ip:udp:dns;76;;;wpad.localdomain;
1677555280.518052000;172.16.0.10;172.16.0.143;;;53;53372;;;eth:ethertype:ip:udp:dns;151;;;wpad.localdomain;
1677555472.114975000;172.16.0.143;98.137.11.163;52738;443;;;;yahoo.com;eth:ethertype:ip:tcp:tls;438;;;;0x0018
1677555473.081075000;172.16.0.143;87.248.100.214;52739;443;;;;www.yahoo.com;eth:ethertype:ip:tcp:tls;442;;;;0x0018
1677555476.771654000;172.16.0.143;172.16.0.10;;;49669;53;;;eth:ethertype:ip:udp:dns;97;;;_ldap._tcp.pdc._msdcs.rydeordie.audio;
1677555476.771947000;172.16.0.10;172.16.0.143;;;53;49669;;;eth:ethertype:ip:udp:dns;164;;;_ldap._tcp.pdc._msdcs.rydeordie.audio;
1677555476.892270000;172.16.0.143;172.16.0.10;;;51371;53;;;eth:ethertype:ip:udp:dns;97;;;_ldap._tcp.pdc._msdcs.rydeordie.audio;
1677555476.892460000;172.16.0.10;172.16.0.143;;;53;51371;;;eth:ethertype:ip:udp:dns;164;;;_ldap._tcp.pdc._msdcs.rydeordie.audio;
1677555521.797636000;172.16.0.143;172.16.0.10;;;54729;53;;;eth:ethertype:ip:udp:dns;97;;;_ldap._tcp.pdc._msdcs.rydeordie.audio;
1677555521.797850000;172.16.0.10;172.16.0.143;;;53;54729;;;eth:ethertype:ip:udp:dns;164;;;_ldap._tcp.pdc._msdcs.rydeordie.audio;
1677555532.244152000;172.16.0.143;68.87.41.40;52751;443;;;;xfinity.com;eth:ethertype:ip:tcp:tls;232;;;;0x0018
1677555533.018891000;172.16.0.143;172.16.0.10;;;58260;53;;;eth:ethertype:ip:udp:dns;75;;;www.xfinity.com;
1677555533.177596000;172.16.0.10;172.16.0.143;;;53;58260;;;eth:ethertype:ip:udp:dns;169;;;www.xfinity.com;
1677555533.306424000;172.16.0.143;23.64.36.253;52752;443;;;;www.xfinity.com;eth:ethertype:ip:tcp:tls;236;;;;0x0018
1677555536.073069000;172.16.0.143;68.87.41.40;52753;443;;;;xfinity.com;eth:ethertype:ip:tcp:tls;232;;;;0x0018
1677555536.918543000;172.16.0.143;23.64.36.253;52754;443;;;;www.xfinity.com;eth:ethertype:ip:tcp:tls;236;;;;0x0018
1677555537.511870000;172.16.0.143;172.16.0.10;;;57768;53;;;eth:ethertype:ip:udp:dns;73;;;microsoft.com;
1677555537.565365000;172.16.0.10;172.16.0.143;;;53;57768;;;eth:ethertype:ip:udp:dns;153;;;microsoft.com;
1677555537.841211000;172.16.0.143;20.112.52.29;52755;443;;;;microsoft.com;eth:ethertype:ip:tcp:tls;394;;;;0x0018
1677555538.716057000;172.16.0.143;172.16.0.10;;;64663;53;;;eth:ethertype:ip:udp:dns;77;;;www.microsoft.com;
1677555538.791706000;172.16.0.10;172.16.0.143;;;53;64663;;;eth:ethertype:ip:udp:dns;244;;;www.microsoft.com;
1677555538.920313000;172.16.0.143;104.120.141.176;52756;443;;;;www.microsoft.com;eth:ethertype:ip:tcp:tls;238;;;;0x0018
1677555596.375696000;172.16.0.143;72.163.4.185;52759;443;;;;cisco.com;eth:ethertype:ip:tcp:tls;230;;;;0x0018
1677555597.204955000;172.16.0.143;2.22.15.111;52760;443;;;;www.cisco.com;eth:ethertype:ip:tcp:tls;234;;;;0x0018
1677555599.954495000;172.16.0.143;172.16.0.10;;;63226;53;;;eth:ethertype:ip:udp:dns;97;;;_ldap._tcp.pdc._msdcs.rydeordie.audio;
1677555599.954769000;172.16.0.10;172.16.0.143;;;53;63226;;;eth:ethertype:ip:udp:dns;164;;;_ldap._tcp.pdc._msdcs.rydeordie.audio;
1677555600.077811000;172.16.0.143;172.16.0.10;;;49437;53;;;eth:ethertype:ip:udp:dns;97;;;_ldap._tcp.pdc._msdcs.rydeordie.audio;
1677555600.078067000;172.16.0.10;172.16.0.143;;;53;49437;;;eth:ethertype:ip:udp:dns;164;;;_ldap._tcp.pdc._msdcs.rydeordie.audio;
1677555602.447038000;172.16.0.143;239.255.255.250;;;49439;1900;239.255.255.250:1900;;eth:ethertype:ip:udp:ssdp;179;M-SEARCH;;;
1677555602.526463000;172.16.0.143;172.16.0.10;;;59226;53;;;eth:ethertype:ip:udp:dns;86;;;112.46.66.173.in-addr.arpa;
1677555602.587167000;172.16.0.10;172.16.0.143;;;53;59226;;;eth:ethertype:ip:udp:dns;147;;;112.46.66.173.in-addr.arpa;
1677555602.667000000;172.16.0.143;172.16.0.10;;;52482;53;;;eth:ethertype:ip:udp:dns;75;;;www.openssl.org;
1677555602.730424000;172.16.0.10;172.16.0.143;;;53;52482;;;eth:ethertype:ip:udp:dns;171;;;www.openssl.org;
1677555602.862802000;172.16.0.143;23.64.29.196;52763;443;;;;www.openssl.org;eth:ethertype:ip:tcp:tls;236;;;;0x0018
1677555604.451799000;172.16.0.143;239.255.255.250;;;49439;1900;239.255.255.250:1900;;eth:ethertype:ip:udp:ssdp;174;M-SEARCH;;;
